App,IP,Service,Connections,Traffic Size
../pcaps/Android9.0/com.mcdonalds.superapp.apk.pcap,ff02::2,benign,1,70
../pcaps/Android9.0/com.mcdonalds.superapp.apk.pcap,172.217.14.227,benign,7,481
../pcaps/Android9.0/com.mcdonalds.superapp.apk.pcap,74.125.135.100,benign,476,321261
../pcaps/Android9.0/com.mcdonalds.superapp.apk.pcap,172.217.14.202,benign,82,16374
../pcaps/Android9.0/com.mcdonalds.superapp.apk.pcap,172.217.14.206,benign,26,7294
../pcaps/Android9.0/com.mcdonalds.superapp.apk.pcap,34.238.173.60,benign,75,34868
../pcaps/Android9.0/com.mcdonalds.superapp.apk.pcap,34.232.17.113,benign,34,18038
../pcaps/Android9.0/com.mcdonalds.superapp.apk.pcap,172.217.3.202,benign,12,983
../pcaps/Android9.0/com.mcdonalds.superapp.apk.pcap,151.101.66.133,ads,6,434
../pcaps/Android9.0/com.mcdonalds.superapp.apk.pcap,172.217.3.164,benign,232,25965
../pcaps/Android9.0/com.mcdonalds.superapp.apk.pcap,52.7.140.182,benign,39,19969
../pcaps/Android9.0/com.mcdonalds.superapp.apk.pcap,54.209.58.22,benign,47,22466
../pcaps/Android9.0/com.mcdonalds.superapp.apk.pcap,216.58.193.78,benign,42,7190
../pcaps/Android9.0/com.mcdonalds.superapp.apk.pcap,23.36.178.83,benign,293,180962
../pcaps/Android9.0/com.mcdonalds.superapp.apk.pcap,151.101.130.133,"ads,tracking",13,2371
../pcaps/Android9.0/com.mcdonalds.superapp.apk.pcap,172.217.14.234,benign,55,16436
../pcaps/Android9.0/com.mcdonalds.superapp.apk.pcap,35.173.170.219,ads,129,66949
../pcaps/Android9.0/com.mcdonalds.superapp.apk.pcap,151.101.130.110,ads,151,84143
../pcaps/Android9.0/com.mcdonalds.superapp.apk.pcap,216.58.217.37,benign,77,17423
../pcaps/Android9.0/com.mcdonalds.superapp.apk.pcap,172.217.14.238,benign,7,481
../pcaps/Android9.0/com.mcdonalds.superapp.apk.pcap,172.217.14.197,benign,25,4381
../pcaps/Android9.0/com.mcdonalds.superapp.apk.pcap,69.192.82.206,benign,47,8958
../pcaps/Android9.0/com.mcdonalds.superapp.apk.pcap,74.125.195.188,benign,3,266
../pcaps/Android9.0/com.mcdonalds.superapp.apk.pcap,172.217.3.170,benign,9,625
../pcaps/Android9.0/com.mcdonalds.superapp.apk.pcap,172.217.7.227,benign,20,6043
../pcaps/Android9.0/com.mcdonalds.superapp.apk.pcap,23.59.154.163,benign,32,11445
../pcaps/Android9.0/com.mcdonalds.superapp.apk.pcap,23.59.154.129,benign,91,31159
../pcaps/Android9.0/com.mcdonalds.superapp.apk.pcap,54.87.68.200,benign,27,9383
../pcaps/Android9.0/com.mcdonalds.superapp.apk.pcap,216.58.193.68,benign,22,5552
../pcaps/Android9.0/com.pinterest.apk.pcap,192.243.232.58,benign,21,7159
../pcaps/Android9.0/com.pinterest.apk.pcap,216.58.217.42,benign,212,79363
../pcaps/Android9.0/com.pinterest.apk.pcap,23.36.177.202,benign,248,106798
../pcaps/Android9.0/com.pinterest.apk.pcap,216.58.217.46,benign,150,44720
../pcaps/Android9.0/com.pinterest.apk.pcap,151.101.52.166,benign,21,7722
../pcaps/Android9.0/com.pinterest.apk.pcap,50.19.216.223,benign,23,8279
../pcaps/Android9.0/com.pinterest.apk.pcap,204.11.109.68,benign,26,10542
../pcaps/Android9.0/com.pinterest.apk.pcap,54.148.145.237,benign,10182,9206385
../pcaps/Android9.0/com.pinterest.apk.pcap,104.20.31.249,benign,39,20629
../pcaps/Android9.0/com.pinterest.apk.pcap,147.75.91.227,benign,119,100491
../pcaps/Android9.0/com.pinterest.apk.pcap,198.54.12.127,benign,23,7732
../pcaps/Android9.0/com.pinterest.apk.pcap,52.200.215.239,benign,46,17419
../pcaps/Android9.0/com.pinterest.apk.pcap,173.241.250.143,benign,31,7062
../pcaps/Android9.0/com.pinterest.apk.pcap,69.192.81.206,benign,23,6797
../pcaps/Android9.0/com.pinterest.apk.pcap,216.200.232.235,benign,22,8156
../pcaps/Android9.0/com.pinterest.apk.pcap,52.44.159.145,benign,21,6788
../pcaps/Android9.0/com.pinterest.apk.pcap,52.84.50.248,benign,38,11591
../pcaps/Android9.0/com.pinterest.apk.pcap,35.165.184.187,benign,408,286130
../pcaps/Android9.0/com.pinterest.apk.pcap,23.36.177.124,benign,20,7589
../pcaps/Android9.0/com.pinterest.apk.pcap,172.217.14.193,benign,103,71100
../pcaps/Android9.0/com.pinterest.apk.pcap,172.217.14.195,benign,234,49903
../pcaps/Android9.0/com.pinterest.apk.pcap,172.217.14.194,benign,135,43392
../pcaps/Android9.0/com.pinterest.apk.pcap,54.191.131.146,ads,23,8568
../pcaps/Android9.0/com.pinterest.apk.pcap,204.79.197.200,ads,98,48213
../pcaps/Android9.0/com.pinterest.apk.pcap,172.217.3.195,benign,2574,2387266
../pcaps/Android9.0/com.pinterest.apk.pcap,54.241.138.255,benign,41,10352
../pcaps/Android9.0/com.pinterest.apk.pcap,172.217.3.193,benign,2955,3344144
../pcaps/Android9.0/com.pinterest.apk.pcap,151.101.54.2,benign,29,10512
../pcaps/Android9.0/com.pinterest.apk.pcap,52.0.248.149,benign,22,6980
../pcaps/Android9.0/com.pinterest.apk.pcap,23.6.247.39,benign,36,22178
../pcaps/Android9.0/com.pinterest.apk.pcap,8.39.36.172,benign,27,11445
../pcaps/Android9.0/com.pinterest.apk.pcap,74.125.142.156,benign,33,8502
../pcaps/Android9.0/com.pinterest.apk.pcap,173.222.118.175,benign,30,12877
../pcaps/Android9.0/com.pinterest.apk.pcap,54.84.49.149,benign,33,9410
../pcaps/Android9.0/com.pinterest.apk.pcap,68.67.178.199,tracking,28,11503
../pcaps/Android9.0/com.pinterest.apk.pcap,23.36.178.183,benign,109,103270
../pcaps/Android9.0/com.pinterest.apk.pcap,35.201.75.239,benign,26,7929
../pcaps/Android9.0/com.pinterest.apk.pcap,24.244.45.17,benign,145,80492
../pcaps/Android9.0/com.pinterest.apk.pcap,172.217.14.200,benign,59,35487
../pcaps/Android9.0/com.pinterest.apk.pcap,172.217.14.202,benign,33,8135
../pcaps/Android9.0/com.pinterest.apk.pcap,172.217.14.206,benign,686,579500
../pcaps/Android9.0/com.pinterest.apk.pcap,172.217.3.202,benign,344,213724
../pcaps/Android9.0/com.pinterest.apk.pcap,216.58.217.36,benign,1075,630772
../pcaps/Android9.0/com.pinterest.apk.pcap,8.41.222.152,benign,26,9987
../pcaps/Android9.0/com.pinterest.apk.pcap,151.101.2.187,benign,9,2480
../pcaps/Android9.0/com.pinterest.apk.pcap,23.36.178.21,benign,233,226138
../pcaps/Android9.0/com.pinterest.apk.pcap,54.214.4.16,benign,26,8641
../pcaps/Android9.0/com.pinterest.apk.pcap,52.27.91.91,benign,40,10456
../pcaps/Android9.0/com.pinterest.apk.pcap,23.49.135.159,benign,1115,1081503
../pcaps/Android9.0/com.pinterest.apk.pcap,161.170.239.188,ads,34,9483
../pcaps/Android9.0/com.pinterest.apk.pcap,104.17.208.102,benign,1987,1760149
../pcaps/Android9.0/com.pinterest.apk.pcap,ff02::1:3,benign,2,168
../pcaps/Android9.0/com.pinterest.apk.pcap,151.101.54.27,benign,464,456084
../pcaps/Android9.0/com.pinterest.apk.pcap,23.23.94.157,benign,30,9650
../pcaps/Android9.0/com.pinterest.apk.pcap,172.217.14.234,benign,1479,1548043
../pcaps/Android9.0/com.pinterest.apk.pcap,172.217.14.235,benign,30,5589
../pcaps/Android9.0/com.pinterest.apk.pcap,172.217.14.237,benign,278,128871
../pcaps/Android9.0/com.pinterest.apk.pcap,172.217.14.230,benign,27,6974
../pcaps/Android9.0/com.pinterest.apk.pcap,172.217.14.238,benign,5459,4524915
../pcaps/Android9.0/com.pinterest.apk.pcap,34.248.198.80,benign,31,15825
../pcaps/Android9.0/com.pinterest.apk.pcap,104.244.42.131,tracking,27,7199
../pcaps/Android9.0/com.pinterest.apk.pcap,52.46.130.13,benign,164,44799
../pcaps/Android9.0/com.pinterest.apk.pcap,147.75.91.1,benign,36,12530
../pcaps/Android9.0/com.pinterest.apk.pcap,34.215.49.187,benign,33,8426
../pcaps/Android9.0/com.pinterest.apk.pcap,35.230.27.10,"ads,tracking",29,11158
../pcaps/Android9.0/com.pinterest.apk.pcap,185.167.164.39,ads,30,8893
../pcaps/Android9.0/com.pinterest.apk.pcap,208.100.17.171,ads,28,9439
../pcaps/Android9.0/com.pinterest.apk.pcap,224.0.0.251,benign,4,280
../pcaps/Android9.0/com.pinterest.apk.pcap,224.0.0.252,benign,2,128
../pcaps/Android9.0/com.pinterest.apk.pcap,98.136.101.121,"ads,tracking",36,15900
../pcaps/Android9.0/com.pinterest.apk.pcap,52.0.172.122,benign,21,6059
../pcaps/Android9.0/com.pinterest.apk.pcap,192.184.69.200,benign,48,19898
../pcaps/Android9.0/com.pinterest.apk.pcap,151.101.52.84,benign,224,89787
../pcaps/Android9.0/com.pinterest.apk.pcap,172.217.14.227,benign,742,575653
../pcaps/Android9.0/com.pinterest.apk.pcap,172.217.14.225,benign,605,461676
../pcaps/Android9.0/com.pinterest.apk.pcap,24.244.53.16,benign,51,38397
../pcaps/Android9.0/com.pinterest.apk.pcap,24.244.53.19,benign,22,8255
../pcaps/Android9.0/com.pinterest.apk.pcap,52.37.242.155,benign,22,5465
../pcaps/Android9.0/com.pinterest.apk.pcap,74.125.20.92,benign,39,10550
../pcaps/Android9.0/com.pinterest.apk.pcap,13.108.235.7,benign,77,52649
../pcaps/Android9.0/com.pinterest.apk.pcap,52.20.83.15,benign,1100,743528
../pcaps/Android9.0/com.pinterest.apk.pcap,151.101.53.167,benign,66,47608
../pcaps/Android9.0/com.pinterest.apk.pcap,54.243.82.241,benign,30,9579
../pcaps/Android9.0/com.pinterest.apk.pcap,192.0.73.2,tracking,45,11363
../pcaps/Android9.0/com.pinterest.apk.pcap,3.94.177.89,benign,32,16054
../pcaps/Android9.0/com.pinterest.apk.pcap,13.57.175.85,benign,1193,1019852
../pcaps/Android9.0/com.pinterest.apk.pcap,185.151.204.15,benign,19,7300
../pcaps/Android9.0/com.pinterest.apk.pcap,192.243.232.36,"ads,tracking",145,50020
../pcaps/Android9.0/com.pinterest.apk.pcap,23.23.108.95,benign,15,5478
../pcaps/Android9.0/com.pinterest.apk.pcap,52.84.50.229,benign,112,88882
../pcaps/Android9.0/com.pinterest.apk.pcap,217.182.201.168,benign,63,10759
../pcaps/Android9.0/com.pinterest.apk.pcap,24.244.4.13,benign,308,205487
../pcaps/Android9.0/com.pinterest.apk.pcap,52.84.50.147,benign,7,524
../pcaps/Android9.0/com.pinterest.apk.pcap,52.201.33.187,benign,55,21182
../pcaps/Android9.0/com.pinterest.apk.pcap,173.194.152.55,benign,865,798151
../pcaps/Android9.0/com.pinterest.apk.pcap,64.74.101.79,benign,28,10317
../pcaps/Android9.0/com.pinterest.apk.pcap,52.71.117.196,benign,79,17288
../pcaps/Android9.0/com.pinterest.apk.pcap,192.33.31.176,benign,105,64213
../pcaps/Android9.0/com.pinterest.apk.pcap,151.101.52.68,benign,221,147693
../pcaps/Android9.0/com.pinterest.apk.pcap,52.88.249.140,benign,25,7882
../pcaps/Android9.0/com.pinterest.apk.pcap,98.136.145.54,benign,36,8599
../pcaps/Android9.0/com.pinterest.apk.pcap,13.109.136.161,benign,6124,2158539
../pcaps/Android9.0/com.pinterest.apk.pcap,23.6.253.90,benign,206,165392
../pcaps/Android9.0/com.pinterest.apk.pcap,24.244.4.12,benign,807,678117
../pcaps/Android9.0/com.pinterest.apk.pcap,104.17.209.102,benign,39,9534
../pcaps/Android9.0/com.pinterest.apk.pcap,156.154.202.36,benign,41,10479
../pcaps/Android9.0/com.pinterest.apk.pcap,192.184.69.229,benign,23,6936
../pcaps/Android9.0/com.pinterest.apk.pcap,52.54.144.255,benign,104,75056
../pcaps/Android9.0/com.pinterest.apk.pcap,104.19.197.151,tracking,38,15067
../pcaps/Android9.0/com.pinterest.apk.pcap,172.217.162.163,benign,64,14753
../pcaps/Android9.0/com.pinterest.apk.pcap,34.193.122.41,benign,68,33706
../pcaps/Android9.0/com.pinterest.apk.pcap,54.225.155.57,benign,28,9417
../pcaps/Android9.0/com.pinterest.apk.pcap,204.237.133.83,benign,28,8962
../pcaps/Android9.0/com.pinterest.apk.pcap,52.84.24.35,benign,28,9506
../pcaps/Android9.0/com.pinterest.apk.pcap,130.248.148.108,benign,29,8071
../pcaps/Android9.0/com.pinterest.apk.pcap,23.36.176.142,benign,1530,1211356
../pcaps/Android9.0/com.pinterest.apk.pcap,24.244.4.44,benign,3921,3835048
../pcaps/Android9.0/com.pinterest.apk.pcap,24.244.4.46,benign,62,13672
../pcaps/Android9.0/com.pinterest.apk.pcap,52.84.50.115,benign,28,8381
../pcaps/Android9.0/com.pinterest.apk.pcap,172.217.14.244,benign,49,8835
../pcaps/Android9.0/com.pinterest.apk.pcap,52.84.50.30,benign,216,188618
../pcaps/Android9.0/com.pinterest.apk.pcap,52.37.118.196,ads,182,70877
../pcaps/Android9.0/com.pinterest.apk.pcap,52.84.50.37,benign,46,20697
../pcaps/Android9.0/com.pinterest.apk.pcap,172.217.3.168,benign,55,35280
../pcaps/Android9.0/com.pinterest.apk.pcap,172.217.3.166,benign,96,18500
../pcaps/Android9.0/com.pinterest.apk.pcap,54.235.138.252,benign,8,566
../pcaps/Android9.0/com.pinterest.apk.pcap,172.217.3.164,benign,212,27887
../pcaps/Android9.0/com.pinterest.apk.pcap,172.217.3.163,benign,88,22055
../pcaps/Android9.0/com.pinterest.apk.pcap,ff02::fb,benign,4,360
../pcaps/Android9.0/com.pinterest.apk.pcap,172.217.3.161,benign,272,160796
../pcaps/Android9.0/com.pinterest.apk.pcap,54.225.140.87,benign,28,9532
../pcaps/Android9.0/com.pinterest.apk.pcap,54.235.104.75,benign,7,512
../pcaps/Android9.0/com.pinterest.apk.pcap,157.240.3.20,benign,410,179657
../pcaps/Android9.0/com.pinterest.apk.pcap,35.227.197.177,benign,37,8699
../pcaps/Android9.0/com.pinterest.apk.pcap,69.192.82.13,benign,9039,8313053
../pcaps/Android9.0/com.pinterest.apk.pcap,8.39.36.143,benign,19,7159
../pcaps/Android9.0/com.pinterest.apk.pcap,157.240.3.29,benign,3289,2775675
../pcaps/Android9.0/com.pinterest.apk.pcap,172.217.3.162,benign,223,134558
../pcaps/Android9.0/com.pinterest.apk.pcap,23.23.43.102,benign,293,100387
../pcaps/Android9.0/com.pinterest.apk.pcap,104.36.113.23,benign,32,14799
../pcaps/Android9.0/com.pinterest.apk.pcap,23.23.123.86,benign,35,11659
../pcaps/Android9.0/com.pinterest.apk.pcap,216.58.193.78,benign,185,54461
../pcaps/Android9.0/com.pinterest.apk.pcap,107.178.240.89,ads,31,8946
../pcaps/Android9.0/com.pinterest.apk.pcap,35.244.232.184,"ads,tracking",77,18821
../pcaps/Android9.0/com.pinterest.apk.pcap,23.59.157.14,benign,1858,910831
../pcaps/Android9.0/com.pinterest.apk.pcap,24.244.4.50,benign,90,39806
../pcaps/Android9.0/com.pinterest.apk.pcap,147.75.89.62,benign,31,7818
../pcaps/Android9.0/com.pinterest.apk.pcap,24.244.4.55,benign,882,717985
../pcaps/Android9.0/com.pinterest.apk.pcap,173.222.117.40,benign,25,8416
../pcaps/Android9.0/com.pinterest.apk.pcap,69.192.86.137,benign,31,14056
../pcaps/Android9.0/com.pinterest.apk.pcap,172.217.3.170,benign,6,403
../pcaps/Android9.0/com.pinterest.apk.pcap,151.101.54.109,benign,26,10259
../pcaps/Android9.0/com.pinterest.apk.pcap,172.217.3.174,benign,48,17863
../pcaps/Android9.0/com.pinterest.apk.pcap,157.240.3.35,benign,2143,1165267
../pcaps/Android9.0/com.pinterest.apk.pcap,74.119.117.145,ads,32,9732
../pcaps/Android9.0/com.pinterest.apk.pcap,52.45.84.14,benign,23,8592
../pcaps/Android9.0/com.pinterest.apk.pcap,151.101.54.180,benign,3525,2992041
../pcaps/Android9.0/com.pinterest.apk.pcap,151.101.54.187,benign,50,14278
../pcaps/Android9.0/com.pinterest.apk.pcap,216.58.193.66,benign,1852,857471
../pcaps/Android9.0/com.pinterest.apk.pcap,54.235.204.169,benign,25,9286
../pcaps/Android9.0/com.pinterest.apk.pcap,23.62.78.217,benign,25,8929
../pcaps/Android9.0/com.pinterest.apk.pcap,74.50.51.79,"ads,tracking",31,10059
../pcaps/Android9.0/com.pinterest.apk.pcap,216.58.193.68,benign,208,131199
../pcaps/Android9.0/com.pinterest.apk.pcap,74.125.195.188,benign,4,330
../pcaps/Android9.0/com.amazon.mShop.android.shopping.apk.pcap,52.119.168.148,benign,36,9000
../pcaps/Android9.0/com.amazon.mShop.android.shopping.apk.pcap,ff02::2,benign,1,70
../pcaps/Android9.0/com.amazon.mShop.android.shopping.apk.pcap,172.217.14.227,benign,14,1767
../pcaps/Android9.0/com.amazon.mShop.android.shopping.apk.pcap,54.239.26.255,benign,35,16026
../pcaps/Android9.0/com.amazon.mShop.android.shopping.apk.pcap,216.58.217.42,benign,9,601
../pcaps/Android9.0/com.amazon.mShop.android.shopping.apk.pcap,172.217.14.202,benign,13,3515
../pcaps/Android9.0/com.amazon.mShop.android.shopping.apk.pcap,52.84.20.164,benign,1837,1721270
../pcaps/Android9.0/com.amazon.mShop.android.shopping.apk.pcap,172.217.14.206,benign,22,7803
../pcaps/Android9.0/com.amazon.mShop.android.shopping.apk.pcap,54.174.158.39,benign,2846,1388160
../pcaps/Android9.0/com.amazon.mShop.android.shopping.apk.pcap,52.46.156.186,benign,33,10258
../pcaps/Android9.0/com.amazon.mShop.android.shopping.apk.pcap,172.217.3.202,benign,300,209809
../pcaps/Android9.0/com.amazon.mShop.android.shopping.apk.pcap,52.94.232.195,benign,50,19932
../pcaps/Android9.0/com.amazon.mShop.android.shopping.apk.pcap,13.32.205.114,benign,46,12710
../pcaps/Android9.0/com.amazon.mShop.android.shopping.apk.pcap,13.32.204.189,benign,471,361221
../pcaps/Android9.0/com.amazon.mShop.android.shopping.apk.pcap,172.217.3.164,benign,175,11436
../pcaps/Android9.0/com.amazon.mShop.android.shopping.apk.pcap,52.46.133.160,benign,1,54
../pcaps/Android9.0/com.amazon.mShop.android.shopping.apk.pcap,52.46.134.16,benign,56,13807
../pcaps/Android9.0/com.amazon.mShop.android.shopping.apk.pcap,224.0.0.22,benign,4,216
../pcaps/Android9.0/com.amazon.mShop.android.shopping.apk.pcap,52.94.224.206,benign,46,16487
../pcaps/Android9.0/com.amazon.mShop.android.shopping.apk.pcap,52.94.225.186,benign,5,301
../pcaps/Android9.0/com.amazon.mShop.android.shopping.apk.pcap,52.94.236.223,benign,94,52719
../pcaps/Android9.0/com.amazon.mShop.android.shopping.apk.pcap,216.58.193.74,benign,6,403
../pcaps/Android9.0/com.amazon.mShop.android.shopping.apk.pcap,172.217.14.234,benign,40,10053
../pcaps/Android9.0/com.amazon.mShop.android.shopping.apk.pcap,52.94.228.73,benign,41,9435
../pcaps/Android9.0/com.amazon.mShop.android.shopping.apk.pcap,18.204.65.194,benign,435,181016
../pcaps/Android9.0/com.amazon.mShop.android.shopping.apk.pcap,54.86.18.207,benign,25,8569
../pcaps/Android9.0/com.amazon.mShop.android.shopping.apk.pcap,104.92.255.145,benign,157,56612
../pcaps/Android9.0/com.amazon.mShop.android.shopping.apk.pcap,54.239.29.0,benign,15,3046
../pcaps/Android9.0/com.amazon.mShop.android.shopping.apk.pcap,52.46.156.128,benign,738,661085
../pcaps/Android9.0/com.amazon.mShop.android.shopping.apk.pcap,52.46.130.13,benign,29,7764
../pcaps/Android9.0/com.amazon.mShop.android.shopping.apk.pcap,52.84.23.157,benign,3082,2103289
../pcaps/Android9.0/com.amazon.mShop.android.shopping.apk.pcap,18.214.236.42,benign,22,8010
../pcaps/Android9.0/com.amazon.mShop.android.shopping.apk.pcap,172.217.3.206,benign,6,403
../pcaps/Android9.0/com.amazon.mShop.android.shopping.apk.pcap,13.32.205.19,benign,63,15406
../pcaps/Android9.0/com.amazon.mShop.android.shopping.apk.pcap,176.32.98.109,ads,21,4432
../pcaps/Android9.0/com.amazon.mShop.android.shopping.apk.pcap,224.0.0.251,benign,4,412
../pcaps/Android9.0/com.amazon.mShop.android.shopping.apk.pcap,72.21.206.140,benign,5,301
../pcaps/Android9.0/com.amazon.mShop.android.shopping.apk.pcap,72.21.206.141,benign,25,8274
../pcaps/Android9.0/com.amazon.mShop.android.shopping.apk.pcap,239.255.255.250,benign,3,501
../pcaps/Android9.0/com.amazon.mShop.android.shopping.apk.pcap,74.125.195.188,benign,14,4264
../pcaps/Android9.0/com.facebook.katana.apk.pcap,172.217.14.234,benign,33,11272
../pcaps/Android9.0/com.facebook.katana.apk.pcap,24.244.45.17,benign,1662,1621584
../pcaps/Android9.0/com.facebook.katana.apk.pcap,157.240.3.35,benign,1130,327396
../pcaps/Android9.0/com.facebook.katana.apk.pcap,ff02::2,benign,1,70
../pcaps/Android9.0/com.facebook.katana.apk.pcap,157.240.3.20,benign,20,1626
../pcaps/Android9.0/com.facebook.katana.apk.pcap,216.58.217.42,benign,22,1582
../pcaps/Android9.0/com.facebook.katana.apk.pcap,172.217.14.202,benign,102,68216
../pcaps/Android9.0/com.facebook.katana.apk.pcap,172.217.14.238,benign,8,523
../pcaps/Android9.0/com.facebook.katana.apk.pcap,172.217.3.206,benign,22,7910
../pcaps/Android9.0/com.facebook.katana.apk.pcap,172.217.3.202,benign,31,10798
../pcaps/Android9.0/com.facebook.katana.apk.pcap,74.125.195.188,benign,3,266
../pcaps/Android9.0/com.facebook.katana.apk.pcap,66.220.149.254,benign,32,7325
../pcaps/Android9.0/com.facebook.katana.apk.pcap,172.217.3.164,benign,301,46061
../pcaps/Android9.0/com.facebook.katana.apk.pcap,172.217.3.163,benign,15,1869
../pcaps/Android9.0/com.snapchat.android.apk.pcap,172.217.14.234,benign,46,15509
../pcaps/Android9.0/com.snapchat.android.apk.pcap,172.217.14.227,benign,12,1647
../pcaps/Android9.0/com.snapchat.android.apk.pcap,216.239.36.126,tracking,12,1872
../pcaps/Android9.0/com.snapchat.android.apk.pcap,216.58.193.68,benign,7,481
../pcaps/Android9.0/com.snapchat.android.apk.pcap,172.217.14.244,benign,764,130300
../pcaps/Android9.0/com.snapchat.android.apk.pcap,74.125.195.188,benign,3,266
../pcaps/Android9.0/com.snapchat.android.apk.pcap,35.186.197.135,"ads,tracking",509,112234
../pcaps/Android9.0/com.snapchat.android.apk.pcap,172.217.3.170,benign,51,16836
../pcaps/Android9.0/com.snapchat.android.apk.pcap,172.217.3.164,benign,206,39383
../pcaps/Android9.0/com.snapchat.android.apk.pcap,172.217.3.174,benign,13,5970
../pcaps/Android9.0/com.snapchat.android.apk.pcap,35.190.43.134,benign,525,124650
../pcaps/Android9.0/com.ebay.kijiji.ca.apk.pcap,24.244.52.40,benign,6,1797
../pcaps/Android9.0/com.ebay.kijiji.ca.apk.pcap,172.217.14.200,benign,62,42563
../pcaps/Android9.0/com.ebay.kijiji.ca.apk.pcap,172.217.14.202,benign,56,14124
../pcaps/Android9.0/com.ebay.kijiji.ca.apk.pcap,172.217.14.206,benign,6,403
../pcaps/Android9.0/com.ebay.kijiji.ca.apk.pcap,54.243.128.89,benign,31,10045
../pcaps/Android9.0/com.ebay.kijiji.ca.apk.pcap,172.217.3.202,benign,40,9394
../pcaps/Android9.0/com.ebay.kijiji.ca.apk.pcap,172.217.3.168,benign,26,7392
../pcaps/Android9.0/com.ebay.kijiji.ca.apk.pcap,172.217.3.164,benign,283,58014
../pcaps/Android9.0/com.ebay.kijiji.ca.apk.pcap,172.217.3.163,benign,49,14208
../pcaps/Android9.0/com.ebay.kijiji.ca.apk.pcap,172.217.3.162,benign,191,38456
../pcaps/Android9.0/com.ebay.kijiji.ca.apk.pcap,35.168.151.76,benign,31,9180
../pcaps/Android9.0/com.ebay.kijiji.ca.apk.pcap,23.59.158.15,benign,184,136965
../pcaps/Android9.0/com.ebay.kijiji.ca.apk.pcap,209.197.3.15,tracking,72,48351
../pcaps/Android9.0/com.ebay.kijiji.ca.apk.pcap,173.236.224.243,benign,2,108
../pcaps/Android9.0/com.ebay.kijiji.ca.apk.pcap,172.217.14.234,benign,77,42035
../pcaps/Android9.0/com.ebay.kijiji.ca.apk.pcap,216.58.217.33,benign,58,32269
../pcaps/Android9.0/com.ebay.kijiji.ca.apk.pcap,74.125.195.188,benign,4,330
../pcaps/Android9.0/com.ebay.kijiji.ca.apk.pcap,216.58.217.34,benign,255,137816
../pcaps/Android9.0/com.ebay.kijiji.ca.apk.pcap,23.49.128.129,benign,34,14259
../pcaps/Android9.0/com.ebay.kijiji.ca.apk.pcap,172.217.14.238,benign,58,28760
../pcaps/Android9.0/com.ebay.kijiji.ca.apk.pcap,192.225.159.13,benign,2,163
../pcaps/Android9.0/com.ebay.kijiji.ca.apk.pcap,52.21.52.49,benign,5,361
../pcaps/Android9.0/com.ebay.kijiji.ca.apk.pcap,172.217.3.194,benign,157,67018
../pcaps/Android9.0/com.ebay.kijiji.ca.apk.pcap,104.19.199.151,benign,149,102572
../pcaps/Android9.0/com.ebay.kijiji.ca.apk.pcap,185.53.49.31,benign,8,725
../pcaps/Android9.0/com.ebay.kijiji.ca.apk.pcap,172.217.3.170,benign,23,6928
../pcaps/Android9.0/com.ebay.kijiji.ca.apk.pcap,54.243.193.251,benign,27,9472
../pcaps/Android9.0/com.ebay.kijiji.ca.apk.pcap,172.217.3.174,benign,6,403
../pcaps/Android9.0/com.ebay.kijiji.ca.apk.pcap,13.109.128.121,benign,1033,574048
../pcaps/Android9.0/com.ebay.kijiji.ca.apk.pcap,172.217.3.198,benign,178,106483
../pcaps/Android9.0/com.ebay.kijiji.ca.apk.pcap,184.73.234.225,benign,13,1118
../pcaps/Android9.0/com.ebay.kijiji.ca.apk.pcap,69.192.83.16,benign,27,10125
../pcaps/Android9.0/com.ebay.kijiji.ca.apk.pcap,91.195.49.142,benign,103,24251
../pcaps/Android9.0/com.ebay.kijiji.ca.apk.pcap,195.78.85.110,benign,9,671
../pcaps/Android9.0/com.ebay.kijiji.ca.apk.pcap,52.52.43.113,benign,30,12587
../pcaps/Android9.0/com.ebay.kijiji.ca.apk.pcap,68.67.129.83,benign,84,33474
../pcaps/Android9.0/com.ebay.kijiji.ca.apk.pcap,216.58.193.67,benign,99,74280
../pcaps/Android9.0/com.ebay.kijiji.ca.apk.pcap,216.58.193.68,benign,70,16023
../pcaps/Android9.0/com.ebay.kijiji.ca.apk.pcap,74.125.195.155,benign,36,8217
../pcaps/Android9.0/com.reddit.frontpage.apk.pcap,172.217.3.206,benign,8,547
../pcaps/Android9.0/com.reddit.frontpage.apk.pcap,52.208.90.212,benign,9,687
../pcaps/Android9.0/com.reddit.frontpage.apk.pcap,172.217.14.227,benign,6,403
../pcaps/Android9.0/com.reddit.frontpage.apk.pcap,216.58.217.37,benign,80,18492
../pcaps/Android9.0/com.reddit.frontpage.apk.pcap,151.101.53.140,benign,334,107489
../pcaps/Android9.0/com.reddit.frontpage.apk.pcap,54.77.250.195,benign,7,512
../pcaps/Android9.0/com.reddit.frontpage.apk.pcap,172.217.14.202,benign,85,25459
../pcaps/Android9.0/com.reddit.frontpage.apk.pcap,172.217.14.238,benign,16,3384
../pcaps/Android9.0/com.reddit.frontpage.apk.pcap,23.23.43.102,benign,12,792
../pcaps/Android9.0/com.reddit.frontpage.apk.pcap,23.23.123.86,benign,2,132
../pcaps/Android9.0/com.reddit.frontpage.apk.pcap,52.207.39.134,benign,336,309263
../pcaps/Android9.0/com.reddit.frontpage.apk.pcap,74.125.195.188,benign,13,4575
../pcaps/Android9.0/com.reddit.frontpage.apk.pcap,52.84.50.41,benign,7,524
../pcaps/Android9.0/com.reddit.frontpage.apk.pcap,184.73.216.194,benign,8,590
../pcaps/Android9.0/com.reddit.frontpage.apk.pcap,54.221.255.120,benign,9,656
../pcaps/Android9.0/com.reddit.frontpage.apk.pcap,172.217.3.165,benign,45,11895
../pcaps/Android9.0/com.reddit.frontpage.apk.pcap,172.217.3.164,benign,182,12068
../pcaps/Android9.0/com.reddit.frontpage.apk.pcap,216.58.193.68,benign,84,12234
../pcaps/Android9.0/com.reddit.frontpage.apk.pcap,216.58.193.74,benign,39,8311
../pcaps/Android9.0/com.google.android.play.games.apk.pcap,24.244.4.23,benign,7200,7067067
../pcaps/Android9.0/com.google.android.play.games.apk.pcap,172.217.14.225,benign,1866,1653458
../pcaps/Android9.0/com.google.android.play.games.apk.pcap,24.244.4.45,benign,3908,3665685
../pcaps/Android9.0/com.google.android.play.games.apk.pcap,24.244.4.44,benign,151090,162894013
../pcaps/Android9.0/com.google.android.play.games.apk.pcap,24.244.4.46,benign,4,264
../pcaps/Android9.0/com.google.android.play.games.apk.pcap,216.58.217.46,benign,1254,416150
../pcaps/Android9.0/com.google.android.play.games.apk.pcap,172.217.14.206,benign,78,22899
../pcaps/Android9.0/com.google.android.play.games.apk.pcap,172.217.14.202,benign,254,70608
../pcaps/Android9.0/com.google.android.play.games.apk.pcap,172.217.14.227,benign,36,10601
../pcaps/Android9.0/com.google.android.play.games.apk.pcap,172.217.3.164,benign,617,177506
../pcaps/Android9.0/com.google.android.play.games.apk.pcap,172.217.3.161,benign,40,11716
../pcaps/Android9.0/com.google.android.play.games.apk.pcap,216.58.193.78,benign,6,403
../pcaps/Android9.0/com.google.android.play.games.apk.pcap,216.58.217.42,benign,2388,1189618
../pcaps/Android9.0/com.google.android.play.games.apk.pcap,216.58.193.72,benign,13,5363
../pcaps/Android9.0/com.google.android.play.games.apk.pcap,24.244.4.15,benign,1687,1565869
../pcaps/Android9.0/com.google.android.play.games.apk.pcap,24.244.4.12,benign,10136,9616008
../pcaps/Android9.0/com.google.android.play.games.apk.pcap,24.244.4.13,benign,4320,4417969
../pcaps/Android9.0/com.google.android.play.games.apk.pcap,216.58.193.74,benign,7067,3310861
../pcaps/Android9.0/com.google.android.play.games.apk.pcap,172.217.14.234,benign,2551,1238660
../pcaps/Android9.0/com.google.android.play.games.apk.pcap,172.217.14.237,benign,37,14425
../pcaps/Android9.0/com.google.android.play.games.apk.pcap,172.217.14.232,benign,31,12673
../pcaps/Android9.0/com.google.android.play.games.apk.pcap,24.244.4.58,benign,4291,3300207
../pcaps/Android9.0/com.google.android.play.games.apk.pcap,173.194.152.71,benign,33841,35416481
../pcaps/Android9.0/com.google.android.play.games.apk.pcap,172.217.14.238,benign,5042,1609748
../pcaps/Android9.0/com.google.android.play.games.apk.pcap,172.217.14.193,benign,503,422550
../pcaps/Android9.0/com.google.android.play.games.apk.pcap,74.125.195.188,benign,15,4777
../pcaps/Android9.0/com.google.android.play.games.apk.pcap,172.217.3.170,benign,148,40717
../pcaps/Android9.0/com.google.android.play.games.apk.pcap,173.194.152.6,benign,298,267557
../pcaps/Android9.0/com.google.android.play.games.apk.pcap,216.58.193.66,benign,35,13703
../pcaps/Android9.0/com.google.android.play.games.apk.pcap,216.58.193.67,benign,9,1025
../pcaps/Android9.0/com.google.android.play.games.apk.pcap,173.194.152.170,benign,14,9052
../pcaps/Android9.0/com.google.android.play.games.apk.pcap,172.217.3.202,benign,38,8019
../pcaps/Android9.0/com.facebook.orca.apk.pcap,172.217.14.234,benign,72,19724
../pcaps/Android9.0/com.facebook.orca.apk.pcap,157.240.3.35,benign,320,94048
../pcaps/Android9.0/com.facebook.orca.apk.pcap,172.217.14.202,benign,25,7181
../pcaps/Android9.0/com.facebook.orca.apk.pcap,157.240.3.20,benign,14,1279
../pcaps/Android9.0/com.facebook.orca.apk.pcap,216.58.217.42,benign,23,6847
../pcaps/Android9.0/com.facebook.orca.apk.pcap,172.217.14.228,benign,23,4542
../pcaps/Android9.0/com.facebook.orca.apk.pcap,172.217.14.238,benign,10,5628
../pcaps/Android9.0/com.facebook.orca.apk.pcap,157.240.3.29,benign,29,7120
../pcaps/Android9.0/com.facebook.orca.apk.pcap,216.58.193.78,benign,26,6508
../pcaps/Android9.0/com.facebook.orca.apk.pcap,74.125.195.188,benign,3,266
../pcaps/Android9.0/com.facebook.orca.apk.pcap,172.217.3.170,benign,9,601
../pcaps/Android9.0/com.facebook.orca.apk.pcap,172.217.3.164,benign,260,28688
../pcaps/Android9.0/com.facebook.orca.apk.pcap,172.217.3.163,benign,15,1857
../pcaps/Android9.0/com.facebook.orca.apk.pcap,216.58.193.74,benign,27,8634
../pcaps/Android9.0/com.amazon.avod.thirdpartyclient.apk.pcap,172.217.14.227,benign,6,403
../pcaps/Android9.0/com.amazon.avod.thirdpartyclient.apk.pcap,172.217.14.226,benign,16,8353
../pcaps/Android9.0/com.amazon.avod.thirdpartyclient.apk.pcap,52.3.44.12,benign,1293,527111
../pcaps/Android9.0/com.amazon.avod.thirdpartyclient.apk.pcap,54.197.255.81,benign,8,566
../pcaps/Android9.0/com.amazon.avod.thirdpartyclient.apk.pcap,172.217.14.202,benign,20,5012
../pcaps/Android9.0/com.amazon.avod.thirdpartyclient.apk.pcap,52.84.20.164,benign,182,131293
../pcaps/Android9.0/com.amazon.avod.thirdpartyclient.apk.pcap,172.217.3.206,benign,7,481
../pcaps/Android9.0/com.amazon.avod.thirdpartyclient.apk.pcap,52.94.228.157,benign,1,54
../pcaps/Android9.0/com.amazon.avod.thirdpartyclient.apk.pcap,ff02::fb,benign,4,360
../pcaps/Android9.0/com.amazon.avod.thirdpartyclient.apk.pcap,172.217.3.164,benign,237,36831
../pcaps/Android9.0/com.amazon.avod.thirdpartyclient.apk.pcap,216.58.217.42,benign,19,6876
../pcaps/Android9.0/com.amazon.avod.thirdpartyclient.apk.pcap,50.19.100.56,benign,28,9521
../pcaps/Android9.0/com.amazon.avod.thirdpartyclient.apk.pcap,52.84.19.28,benign,2141,1443816
../pcaps/Android9.0/com.amazon.avod.thirdpartyclient.apk.pcap,54.225.155.57,benign,28,9481
../pcaps/Android9.0/com.amazon.avod.thirdpartyclient.apk.pcap,ff02::1:3,benign,2,168
../pcaps/Android9.0/com.amazon.avod.thirdpartyclient.apk.pcap,52.46.156.128,benign,76,47807
../pcaps/Android9.0/com.amazon.avod.thirdpartyclient.apk.pcap,216.58.193.74,benign,83,27694
../pcaps/Android9.0/com.amazon.avod.thirdpartyclient.apk.pcap,172.217.14.234,benign,9,601
../pcaps/Android9.0/com.amazon.avod.thirdpartyclient.apk.pcap,24.244.4.58,benign,37,13300
../pcaps/Android9.0/com.amazon.avod.thirdpartyclient.apk.pcap,172.217.14.238,benign,51,17737
../pcaps/Android9.0/com.amazon.avod.thirdpartyclient.apk.pcap,172.217.14.194,benign,21,5471
../pcaps/Android9.0/com.amazon.avod.thirdpartyclient.apk.pcap,74.125.195.188,benign,3,266
../pcaps/Android9.0/com.amazon.avod.thirdpartyclient.apk.pcap,52.46.130.13,benign,3,162
../pcaps/Android9.0/com.amazon.avod.thirdpartyclient.apk.pcap,52.46.135.77,benign,12,796
../pcaps/Android9.0/com.amazon.avod.thirdpartyclient.apk.pcap,52.94.236.25,benign,1,54
../pcaps/Android9.0/com.amazon.avod.thirdpartyclient.apk.pcap,52.119.164.214,benign,3,162
../pcaps/Android9.0/com.amazon.avod.thirdpartyclient.apk.pcap,224.0.0.251,benign,4,280
../pcaps/Android9.0/com.google.android.apps.youtube.music.apk.pcap,172.217.14.227,benign,113,94118
../pcaps/Android9.0/com.google.android.apps.youtube.music.apk.pcap,172.217.14.225,benign,139,127300
../pcaps/Android9.0/com.google.android.apps.youtube.music.apk.pcap,24.244.4.45,benign,24843,24150365
../pcaps/Android9.0/com.google.android.apps.youtube.music.apk.pcap,24.244.4.44,benign,56191,64007236
../pcaps/Android9.0/com.google.android.apps.youtube.music.apk.pcap,24.244.4.47,benign,106028,120888233
../pcaps/Android9.0/com.google.android.apps.youtube.music.apk.pcap,24.244.4.46,benign,154323,174175275
../pcaps/Android9.0/com.google.android.apps.youtube.music.apk.pcap,216.58.217.46,benign,887,921594
../pcaps/Android9.0/com.google.android.apps.youtube.music.apk.pcap,239.255.255.250,benign,259,43253
../pcaps/Android9.0/com.google.android.apps.youtube.music.apk.pcap,172.217.14.206,benign,74,16305
../pcaps/Android9.0/com.google.android.apps.youtube.music.apk.pcap,172.217.3.206,benign,5,393
../pcaps/Android9.0/com.google.android.apps.youtube.music.apk.pcap,172.217.3.202,benign,5743,4089906
../pcaps/Android9.0/com.google.android.apps.youtube.music.apk.pcap,172.217.3.164,benign,201,27505
../pcaps/Android9.0/com.google.android.apps.youtube.music.apk.pcap,172.217.3.163,benign,629,92320
../pcaps/Android9.0/com.google.android.apps.youtube.music.apk.pcap,172.217.3.162,benign,84,29221
../pcaps/Android9.0/com.google.android.apps.youtube.music.apk.pcap,216.58.217.42,benign,13,884
../pcaps/Android9.0/com.google.android.apps.youtube.music.apk.pcap,172.217.3.174,benign,6922,2279124
../pcaps/Android9.0/com.google.android.apps.youtube.music.apk.pcap,172.217.14.200,benign,6,403
../pcaps/Android9.0/com.google.android.apps.youtube.music.apk.pcap,172.217.14.228,benign,303,53474
../pcaps/Android9.0/com.google.android.apps.youtube.music.apk.pcap,24.244.4.17,benign,260,225094
../pcaps/Android9.0/com.google.android.apps.youtube.music.apk.pcap,24.244.4.14,benign,80112,82367690
../pcaps/Android9.0/com.google.android.apps.youtube.music.apk.pcap,24.244.4.15,benign,83259,95602278
../pcaps/Android9.0/com.google.android.apps.youtube.music.apk.pcap,24.244.4.12,benign,73820,86295703
../pcaps/Android9.0/com.google.android.apps.youtube.music.apk.pcap,24.244.4.13,benign,63800,64972669
../pcaps/Android9.0/com.google.android.apps.youtube.music.apk.pcap,216.58.193.74,benign,25,6127
../pcaps/Android9.0/com.google.android.apps.youtube.music.apk.pcap,172.217.14.234,benign,60,23950
../pcaps/Android9.0/com.google.android.apps.youtube.music.apk.pcap,216.58.217.33,benign,24,19845
../pcaps/Android9.0/com.google.android.apps.youtube.music.apk.pcap,172.217.14.202,benign,6,403
../pcaps/Android9.0/com.google.android.apps.youtube.music.apk.pcap,216.58.217.34,benign,6,403
../pcaps/Android9.0/com.google.android.apps.youtube.music.apk.pcap,24.244.4.55,benign,896,745917
../pcaps/Android9.0/com.google.android.apps.youtube.music.apk.pcap,172.217.14.195,benign,214,34445
../pcaps/Android9.0/com.google.android.apps.youtube.music.apk.pcap,24.244.4.58,benign,1,66
../pcaps/Android9.0/com.google.android.apps.youtube.music.apk.pcap,172.217.14.238,benign,21,10770
../pcaps/Android9.0/com.google.android.apps.youtube.music.apk.pcap,172.217.14.194,benign,67,18940
../pcaps/Android9.0/com.google.android.apps.youtube.music.apk.pcap,172.217.14.196,benign,598,92122
../pcaps/Android9.0/com.google.android.apps.youtube.music.apk.pcap,172.217.3.194,benign,252,67015
../pcaps/Android9.0/com.google.android.apps.youtube.music.apk.pcap,172.217.14.193,benign,4242,4141636
../pcaps/Android9.0/com.google.android.apps.youtube.music.apk.pcap,74.125.195.188,benign,4,330
../pcaps/Android9.0/com.google.android.apps.youtube.music.apk.pcap,216.58.193.86,benign,6370,5696620
../pcaps/Android9.0/com.google.android.apps.youtube.music.apk.pcap,216.58.217.45,benign,1,66
../pcaps/Android9.0/com.google.android.apps.youtube.music.apk.pcap,52.84.50.215,benign,2,132
../pcaps/Android9.0/com.google.android.apps.youtube.music.apk.pcap,216.58.193.65,benign,1350,1206355
../pcaps/Android9.0/com.google.android.apps.youtube.music.apk.pcap,216.58.193.66,benign,711,180040
../pcaps/Android9.0/com.google.android.apps.youtube.music.apk.pcap,216.58.193.67,benign,7,481
../pcaps/Android9.0/com.google.android.apps.youtube.music.apk.pcap,224.0.0.251,benign,45,4635
../pcaps/Android9.0/com.google.android.apps.youtube.music.apk.pcap,216.58.217.38,benign,25,7173
../pcaps/Android9.0/com.google.android.apps.youtube.music.apk.pcap,216.58.193.68,benign,278,50418
../pcaps/Android9.0/com.spotify.music.apk.pcap,74.125.142.188,benign,18,6194
../pcaps/Android9.0/com.spotify.music.apk.pcap,104.154.127.47,"ads,tracking",39,6753
../pcaps/Android9.0/com.spotify.music.apk.pcap,ff02::2,benign,6,420
../pcaps/Android9.0/com.spotify.music.apk.pcap,172.217.14.227,benign,17,1453
../pcaps/Android9.0/com.spotify.music.apk.pcap,216.58.217.42,benign,18,3995
../pcaps/Android9.0/com.spotify.music.apk.pcap,216.58.217.46,benign,36,11744
../pcaps/Android9.0/com.spotify.music.apk.pcap,172.217.14.206,benign,28,9983
../pcaps/Android9.0/com.spotify.music.apk.pcap,104.154.127.81,benign,12,1879
../pcaps/Android9.0/com.spotify.music.apk.pcap,104.154.126.162,benign,12,2010
../pcaps/Android9.0/com.spotify.music.apk.pcap,35.186.224.53,tracking,142,24451
../pcaps/Android9.0/com.spotify.music.apk.pcap,ff02::1:ff47:2b75,benign,1,78
../pcaps/Android9.0/com.spotify.music.apk.pcap,172.217.3.164,benign,152,21094
../pcaps/Android9.0/com.spotify.music.apk.pcap,157.240.3.20,benign,56,18133
../pcaps/Android9.0/com.spotify.music.apk.pcap,23.21.250.205,benign,5,337
../pcaps/Android9.0/com.spotify.music.apk.pcap,185.151.204.15,benign,1430,527262
../pcaps/Android9.0/com.spotify.music.apk.pcap,185.151.204.9,benign,469,174683
../pcaps/Android9.0/com.spotify.music.apk.pcap,157.240.3.29,benign,1081,855468
../pcaps/Android9.0/com.spotify.music.apk.pcap,23.23.102.242,benign,95,82256
../pcaps/Android9.0/com.spotify.music.apk.pcap,185.151.204.14,benign,1263,469689
../pcaps/Android9.0/com.spotify.music.apk.pcap,54.243.163.201,benign,24,9134
../pcaps/Android9.0/com.spotify.music.apk.pcap,216.58.193.74,benign,21,7494
../pcaps/Android9.0/com.spotify.music.apk.pcap,172.217.14.234,benign,97,30100
../pcaps/Android9.0/com.spotify.music.apk.pcap,24.244.45.17,benign,32,12193
../pcaps/Android9.0/com.spotify.music.apk.pcap,172.217.14.195,benign,17,2243
../pcaps/Android9.0/com.spotify.music.apk.pcap,54.171.56.232,benign,26,13677
../pcaps/Android9.0/com.spotify.music.apk.pcap,172.217.14.196,benign,56,13106
../pcaps/Android9.0/com.spotify.music.apk.pcap,74.125.195.188,benign,12,3704
../pcaps/Android9.0/com.spotify.music.apk.pcap,172.217.3.170,benign,29,11774
../pcaps/Android9.0/com.spotify.music.apk.pcap,104.154.126.202,benign,12,2061
../pcaps/Android9.0/com.spotify.music.apk.pcap,172.217.3.174,benign,28,13559
../pcaps/Android9.0/com.spotify.music.apk.pcap,104.154.126.150,benign,12,1852
../pcaps/Android9.0/com.spotify.music.apk.pcap,104.154.126.160,benign,12,1798
../pcaps/Android9.0/com.spotify.music.apk.pcap,157.240.3.35,benign,507,287436
../pcaps/Android9.0/com.spotify.music.apk.pcap,ff02::16,benign,4,360
../pcaps/Android9.0/com.spotify.music.apk.pcap,23.23.213.226,benign,5,361
../pcaps/Android9.0/com.spotify.music.apk.pcap,216.58.193.65,benign,1,66
../pcaps/Android9.0/com.spotify.music.apk.pcap,216.58.193.68,benign,1,66
../pcaps/Android9.0/com.spotify.music.apk.pcap,104.154.127.97,benign,12,1965
../pcaps/Android9.0/com.ncconsulting.skipthedishes_android.apk.pcap,50.16.242.106,benign,24,9408
../pcaps/Android9.0/com.ncconsulting.skipthedishes_android.apk.pcap,64.233.190.94,benign,20,2782
../pcaps/Android9.0/com.ncconsulting.skipthedishes_android.apk.pcap,216.58.217.42,benign,12,806
../pcaps/Android9.0/com.ncconsulting.skipthedishes_android.apk.pcap,172.217.14.202,benign,8,748
../pcaps/Android9.0/com.ncconsulting.skipthedishes_android.apk.pcap,216.58.217.46,benign,17,2231
../pcaps/Android9.0/com.ncconsulting.skipthedishes_android.apk.pcap,172.217.3.168,benign,21,9877
../pcaps/Android9.0/com.ncconsulting.skipthedishes_android.apk.pcap,23.21.222.31,benign,27,9408
../pcaps/Android9.0/com.ncconsulting.skipthedishes_android.apk.pcap,172.217.3.164,benign,190,12598
../pcaps/Android9.0/com.ncconsulting.skipthedishes_android.apk.pcap,157.240.3.20,benign,118,44873
../pcaps/Android9.0/com.ncconsulting.skipthedishes_android.apk.pcap,54.225.168.247,benign,31,9680
../pcaps/Android9.0/com.ncconsulting.skipthedishes_android.apk.pcap,157.240.3.29,benign,1221,937227
../pcaps/Android9.0/com.ncconsulting.skipthedishes_android.apk.pcap,216.58.193.78,benign,1044,658259
../pcaps/Android9.0/com.ncconsulting.skipthedishes_android.apk.pcap,172.217.14.234,benign,80,22173
../pcaps/Android9.0/com.ncconsulting.skipthedishes_android.apk.pcap,24.244.45.17,benign,29,10411
../pcaps/Android9.0/com.ncconsulting.skipthedishes_android.apk.pcap,216.58.217.35,benign,9,1025
../pcaps/Android9.0/com.ncconsulting.skipthedishes_android.apk.pcap,151.101.53.208,benign,48,14748
../pcaps/Android9.0/com.ncconsulting.skipthedishes_android.apk.pcap,172.217.14.238,benign,2,127
../pcaps/Android9.0/com.ncconsulting.skipthedishes_android.apk.pcap,54.243.62.110,benign,8,590
../pcaps/Android9.0/com.ncconsulting.skipthedishes_android.apk.pcap,23.21.91.14,benign,31,10005
../pcaps/Android9.0/com.ncconsulting.skipthedishes_android.apk.pcap,74.125.195.188,benign,3,266
../pcaps/Android9.0/com.ncconsulting.skipthedishes_android.apk.pcap,172.217.16.131,benign,22,6148
../pcaps/Android9.0/com.ncconsulting.skipthedishes_android.apk.pcap,23.23.159.82,benign,30,9741
../pcaps/Android9.0/com.ncconsulting.skipthedishes_android.apk.pcap,157.240.3.35,benign,1057,502881
../pcaps/Android9.0/com.ncconsulting.skipthedishes_android.apk.pcap,54.225.136.32,benign,8,566
../pcaps/Android9.0/com.ncconsulting.skipthedishes_android.apk.pcap,45.60.110.19,benign,224,41932
../pcaps/Android9.0/com.ncconsulting.skipthedishes_android.apk.pcap,54.235.204.169,benign,30,9860
../pcaps/Android9.0/com.ncconsulting.skipthedishes_android.apk.pcap,216.58.193.68,benign,69,11931
../pcaps/Android9.0/com.pelmorex.WeatherEyeAndroid.apk.pcap,172.217.14.227,benign,9,601
../pcaps/Android9.0/com.pelmorex.WeatherEyeAndroid.apk.pcap,172.217.14.226,benign,21,2846
../pcaps/Android9.0/com.pelmorex.WeatherEyeAndroid.apk.pcap,23.49.141.226,benign,15,1201
../pcaps/Android9.0/com.pelmorex.WeatherEyeAndroid.apk.pcap,172.217.14.202,benign,23,8889
../pcaps/Android9.0/com.pelmorex.WeatherEyeAndroid.apk.pcap,172.217.14.206,benign,17,5232
../pcaps/Android9.0/com.pelmorex.WeatherEyeAndroid.apk.pcap,142.46.208.46,benign,378,273650
../pcaps/Android9.0/com.pelmorex.WeatherEyeAndroid.apk.pcap,172.217.3.168,benign,7,481
../pcaps/Android9.0/com.pelmorex.WeatherEyeAndroid.apk.pcap,172.217.3.164,benign,209,17709
../pcaps/Android9.0/com.pelmorex.WeatherEyeAndroid.apk.pcap,172.217.3.163,benign,21,6828
../pcaps/Android9.0/com.pelmorex.WeatherEyeAndroid.apk.pcap,24.244.52.82,benign,3,198
../pcaps/Android9.0/com.pelmorex.WeatherEyeAndroid.apk.pcap,216.58.193.72,benign,19,3109
../pcaps/Android9.0/com.pelmorex.WeatherEyeAndroid.apk.pcap,142.46.208.152,benign,11,1005
../pcaps/Android9.0/com.pelmorex.WeatherEyeAndroid.apk.pcap,216.58.193.74,benign,42,15242
../pcaps/Android9.0/com.pelmorex.WeatherEyeAndroid.apk.pcap,216.58.217.38,benign,5,361
../pcaps/Android9.0/com.pelmorex.WeatherEyeAndroid.apk.pcap,172.217.14.238,benign,7,481
../pcaps/Android9.0/com.pelmorex.WeatherEyeAndroid.apk.pcap,172.217.14.194,benign,10,793
../pcaps/Android9.0/com.pelmorex.WeatherEyeAndroid.apk.pcap,52.40.55.147,ads,15,2699
../pcaps/Android9.0/com.pelmorex.WeatherEyeAndroid.apk.pcap,74.125.195.188,benign,12,3703
../pcaps/Android9.0/com.pelmorex.WeatherEyeAndroid.apk.pcap,172.217.3.170,benign,38,8706
../pcaps/Android9.0/com.pelmorex.WeatherEyeAndroid.apk.pcap,54.243.170.243,benign,27,9535
../pcaps/Android9.0/com.pelmorex.WeatherEyeAndroid.apk.pcap,172.217.3.174,benign,19,9891
../pcaps/Android9.0/com.pelmorex.WeatherEyeAndroid.apk.pcap,50.19.218.195,benign,9,644
../pcaps/Android9.0/com.pelmorex.WeatherEyeAndroid.apk.pcap,207.96.160.28,benign,19,5937
../pcaps/Android9.0/com.pelmorex.WeatherEyeAndroid.apk.pcap,216.58.193.68,benign,6,403
../pcaps/Android9.0/com.contextlogic.wish.apk.pcap,216.58.217.48,benign,126,46144
../pcaps/Android9.0/com.contextlogic.wish.apk.pcap,216.58.217.42,benign,24,5922
../pcaps/Android9.0/com.contextlogic.wish.apk.pcap,151.101.52.159,benign,64,23237
../pcaps/Android9.0/com.contextlogic.wish.apk.pcap,54.215.255.58,benign,36,13219
../pcaps/Android9.0/com.contextlogic.wish.apk.pcap,216.58.217.45,benign,63,15082
../pcaps/Android9.0/com.contextlogic.wish.apk.pcap,52.18.99.155,benign,87,17449
../pcaps/Android9.0/com.contextlogic.wish.apk.pcap,54.68.83.165,benign,27,6890
../pcaps/Android9.0/com.contextlogic.wish.apk.pcap,52.202.42.171,ads,25,11275
../pcaps/Android9.0/com.contextlogic.wish.apk.pcap,54.172.190.168,benign,37,13981
../pcaps/Android9.0/com.contextlogic.wish.apk.pcap,69.192.207.220,benign,950,648575
../pcaps/Android9.0/com.contextlogic.wish.apk.pcap,52.1.244.191,benign,19,7816
../pcaps/Android9.0/com.contextlogic.wish.apk.pcap,69.192.81.206,benign,133,56537
../pcaps/Android9.0/com.contextlogic.wish.apk.pcap,72.21.91.66,benign,148,101046
../pcaps/Android9.0/com.contextlogic.wish.apk.pcap,3.86.39.163,benign,110,29802
../pcaps/Android9.0/com.contextlogic.wish.apk.pcap,23.59.158.183,benign,89,31048
../pcaps/Android9.0/com.contextlogic.wish.apk.pcap,34.219.237.94,benign,65,23283
../pcaps/Android9.0/com.contextlogic.wish.apk.pcap,52.205.91.16,benign,131,90860
../pcaps/Android9.0/com.contextlogic.wish.apk.pcap,108.174.10.10,benign,51,27766
../pcaps/Android9.0/com.contextlogic.wish.apk.pcap,172.217.14.193,benign,538,452323
../pcaps/Android9.0/com.contextlogic.wish.apk.pcap,172.217.14.195,benign,249,174897
../pcaps/Android9.0/com.contextlogic.wish.apk.pcap,54.191.131.146,ads,99,60921
../pcaps/Android9.0/com.contextlogic.wish.apk.pcap,216.58.217.46,benign,98,75589
../pcaps/Android9.0/com.contextlogic.wish.apk.pcap,13.32.252.51,benign,32,8517
../pcaps/Android9.0/com.contextlogic.wish.apk.pcap,74.125.195.188,benign,13,3875
../pcaps/Android9.0/com.contextlogic.wish.apk.pcap,23.6.246.7,benign,2520,2156853
../pcaps/Android9.0/com.contextlogic.wish.apk.pcap,185.199.110.154,benign,138,97852
../pcaps/Android9.0/com.contextlogic.wish.apk.pcap,24.244.3.26,benign,33,16793
../pcaps/Android9.0/com.contextlogic.wish.apk.pcap,52.26.197.142,benign,130,78448
../pcaps/Android9.0/com.contextlogic.wish.apk.pcap,52.89.207.101,benign,106,28257
../pcaps/Android9.0/com.contextlogic.wish.apk.pcap,23.36.178.183,benign,984,657394
../pcaps/Android9.0/com.contextlogic.wish.apk.pcap,104.20.111.39,benign,115,74408
../pcaps/Android9.0/com.contextlogic.wish.apk.pcap,24.244.53.8,benign,71,24914
../pcaps/Android9.0/com.contextlogic.wish.apk.pcap,104.244.42.65,benign,29,13725
../pcaps/Android9.0/com.contextlogic.wish.apk.pcap,74.125.199.154,benign,59,10392
../pcaps/Android9.0/com.contextlogic.wish.apk.pcap,172.217.14.202,benign,28,7649
../pcaps/Android9.0/com.contextlogic.wish.apk.pcap,172.217.14.206,benign,9,1680
../pcaps/Android9.0/com.contextlogic.wish.apk.pcap,172.217.3.206,benign,91,66224
../pcaps/Android9.0/com.contextlogic.wish.apk.pcap,103.235.46.191,"ads,tracking",68,26425
../pcaps/Android9.0/com.contextlogic.wish.apk.pcap,172.217.3.202,benign,24,6997
../pcaps/Android9.0/com.contextlogic.wish.apk.pcap,128.30.52.100,benign,1786,1787230
../pcaps/Android9.0/com.contextlogic.wish.apk.pcap,216.58.217.36,benign,133,25791
../pcaps/Android9.0/com.contextlogic.wish.apk.pcap,34.233.1.251,benign,42,13269
../pcaps/Android9.0/com.contextlogic.wish.apk.pcap,63.240.4.60,"ads,tracking",178,46416
../pcaps/Android9.0/com.contextlogic.wish.apk.pcap,23.21.218.138,benign,7,512
../pcaps/Android9.0/com.contextlogic.wish.apk.pcap,23.36.178.28,benign,27,12033
../pcaps/Android9.0/com.contextlogic.wish.apk.pcap,162.247.242.19,ads,258,97070
../pcaps/Android9.0/com.contextlogic.wish.apk.pcap,69.192.95.48,benign,32,15973
../pcaps/Android9.0/com.contextlogic.wish.apk.pcap,128.30.52.41,benign,177,111146
../pcaps/Android9.0/com.contextlogic.wish.apk.pcap,160.1.99.198,benign,88,54613
../pcaps/Android9.0/com.contextlogic.wish.apk.pcap,172.217.14.234,benign,10,863
../pcaps/Android9.0/com.contextlogic.wish.apk.pcap,24.244.45.17,benign,29,10595
../pcaps/Android9.0/com.contextlogic.wish.apk.pcap,151.101.54.49,benign,2171,1742673
../pcaps/Android9.0/com.contextlogic.wish.apk.pcap,13.32.204.199,benign,12802,15602276
../pcaps/Android9.0/com.contextlogic.wish.apk.pcap,172.217.14.232,benign,118,91562
../pcaps/Android9.0/com.contextlogic.wish.apk.pcap,216.58.217.35,benign,7,481
../pcaps/Android9.0/com.contextlogic.wish.apk.pcap,23.49.128.129,benign,105,44531
../pcaps/Android9.0/com.contextlogic.wish.apk.pcap,52.20.14.48,benign,94,19799
../pcaps/Android9.0/com.contextlogic.wish.apk.pcap,216.58.217.38,benign,29,7047
../pcaps/Android9.0/com.contextlogic.wish.apk.pcap,172.217.14.238,benign,4055,1957942
../pcaps/Android9.0/com.contextlogic.wish.apk.pcap,104.244.42.136,ads,32,11773
../pcaps/Android9.0/com.contextlogic.wish.apk.pcap,104.244.39.20,benign,99,35085
../pcaps/Android9.0/com.contextlogic.wish.apk.pcap,192.184.69.164,benign,157,70171
../pcaps/Android9.0/com.contextlogic.wish.apk.pcap,151.101.54.217,benign,39,16836
../pcaps/Android9.0/com.contextlogic.wish.apk.pcap,34.199.148.79,ads,25,10447
../pcaps/Android9.0/com.contextlogic.wish.apk.pcap,23.6.252.36,benign,32,13715
../pcaps/Android9.0/com.contextlogic.wish.apk.pcap,69.192.205.60,benign,3868,3508923
../pcaps/Android9.0/com.contextlogic.wish.apk.pcap,151.101.52.175,benign,30,13900
../pcaps/Android9.0/com.contextlogic.wish.apk.pcap,151.101.52.176,benign,79,46779
../pcaps/Android9.0/com.contextlogic.wish.apk.pcap,23.59.156.38,benign,474,337944
../pcaps/Android9.0/com.contextlogic.wish.apk.pcap,172.217.14.226,benign,6,471
../pcaps/Android9.0/com.contextlogic.wish.apk.pcap,52.34.122.88,benign,22,8710
../pcaps/Android9.0/com.contextlogic.wish.apk.pcap,35.175.159.219,benign,149,28196
../pcaps/Android9.0/com.contextlogic.wish.apk.pcap,213.186.33.4,"ads,tracking",30,13509
../pcaps/Android9.0/com.contextlogic.wish.apk.pcap,192.0.73.2,tracking,115,75835
../pcaps/Android9.0/com.contextlogic.wish.apk.pcap,192.30.253.116,benign,34,14711
../pcaps/Android9.0/com.contextlogic.wish.apk.pcap,199.166.0.26,benign,76,43574
../pcaps/Android9.0/com.contextlogic.wish.apk.pcap,13.32.252.215,benign,39,19063
../pcaps/Android9.0/com.contextlogic.wish.apk.pcap,68.67.179.197,benign,68,25136
../pcaps/Android9.0/com.contextlogic.wish.apk.pcap,151.101.52.133,benign,20,9215
../pcaps/Android9.0/com.contextlogic.wish.apk.pcap,151.101.53.2,benign,36,13654
../pcaps/Android9.0/com.contextlogic.wish.apk.pcap,184.24.63.222,benign,6860,4134916
../pcaps/Android9.0/com.contextlogic.wish.apk.pcap,13.32.178.166,benign,73,42246
../pcaps/Android9.0/com.contextlogic.wish.apk.pcap,23.212.80.184,benign,32,18134
../pcaps/Android9.0/com.contextlogic.wish.apk.pcap,72.21.91.70,benign,35,11824
../pcaps/Android9.0/com.contextlogic.wish.apk.pcap,74.119.117.129,benign,32,16504
../pcaps/Android9.0/com.contextlogic.wish.apk.pcap,34.235.23.116,benign,92,18786
../pcaps/Android9.0/com.contextlogic.wish.apk.pcap,52.53.56.1,benign,632,330013
../pcaps/Android9.0/com.contextlogic.wish.apk.pcap,216.58.217.33,benign,36,12219
../pcaps/Android9.0/com.contextlogic.wish.apk.pcap,199.166.0.32,benign,127,87309
../pcaps/Android9.0/com.contextlogic.wish.apk.pcap,23.59.157.143,benign,94,32651
../pcaps/Android9.0/com.contextlogic.wish.apk.pcap,23.59.156.251,benign,493,332050
../pcaps/Android9.0/com.contextlogic.wish.apk.pcap,104.196.165.184,benign,46,25114
../pcaps/Android9.0/com.contextlogic.wish.apk.pcap,99.84.74.88,benign,235,141842
../pcaps/Android9.0/com.contextlogic.wish.apk.pcap,23.47.111.230,benign,7414,8487551
../pcaps/Android9.0/com.contextlogic.wish.apk.pcap,134.96.191.34,benign,6,352
../pcaps/Android9.0/com.contextlogic.wish.apk.pcap,172.217.14.246,benign,565,507830
../pcaps/Android9.0/com.contextlogic.wish.apk.pcap,151.101.54.110,benign,35,20182
../pcaps/Android9.0/com.contextlogic.wish.apk.pcap,52.35.81.32,benign,851,821390
../pcaps/Android9.0/com.contextlogic.wish.apk.pcap,172.217.3.164,benign,168,21208
../pcaps/Android9.0/com.contextlogic.wish.apk.pcap,52.9.217.117,benign,306,131907
../pcaps/Android9.0/com.contextlogic.wish.apk.pcap,172.217.3.161,benign,331,244597
../pcaps/Android9.0/com.contextlogic.wish.apk.pcap,74.119.117.137,benign,234,88254
../pcaps/Android9.0/com.contextlogic.wish.apk.pcap,13.56.96.171,benign,252,118836
../pcaps/Android9.0/com.contextlogic.wish.apk.pcap,157.240.3.20,benign,133,32925
../pcaps/Android9.0/com.contextlogic.wish.apk.pcap,35.170.225.159,benign,20,8076
../pcaps/Android9.0/com.contextlogic.wish.apk.pcap,13.32.252.237,benign,238,146262
../pcaps/Android9.0/com.contextlogic.wish.apk.pcap,13.32.252.238,benign,156,134528
../pcaps/Android9.0/com.contextlogic.wish.apk.pcap,52.35.237.143,benign,139,71923
../pcaps/Android9.0/com.contextlogic.wish.apk.pcap,157.240.3.29,benign,1184,899974
../pcaps/Android9.0/com.contextlogic.wish.apk.pcap,23.21.184.127,benign,7,512
../pcaps/Android9.0/com.contextlogic.wish.apk.pcap,172.217.3.162,benign,28,4608
../pcaps/Android9.0/com.contextlogic.wish.apk.pcap,216.58.193.78,benign,43,17348
../pcaps/Android9.0/com.contextlogic.wish.apk.pcap,216.58.193.72,benign,521,98127
../pcaps/Android9.0/com.contextlogic.wish.apk.pcap,173.236.224.243,benign,23,3532
../pcaps/Android9.0/com.contextlogic.wish.apk.pcap,13.56.42.96,benign,72,29790
../pcaps/Android9.0/com.contextlogic.wish.apk.pcap,108.174.10.14,"ads,tracking",78,14696
../pcaps/Android9.0/com.contextlogic.wish.apk.pcap,23.36.177.216,benign,589,469295
../pcaps/Android9.0/com.contextlogic.wish.apk.pcap,172.217.3.179,benign,2,132
../pcaps/Android9.0/com.contextlogic.wish.apk.pcap,104.28.27.164,ads,162,126818
../pcaps/Android9.0/com.contextlogic.wish.apk.pcap,52.9.102.239,benign,47,16216
../pcaps/Android9.0/com.contextlogic.wish.apk.pcap,172.217.3.170,benign,106,23163
../pcaps/Android9.0/com.contextlogic.wish.apk.pcap,54.241.145.39,benign,35,11332
../pcaps/Android9.0/com.contextlogic.wish.apk.pcap,192.30.253.112,benign,51,27122
../pcaps/Android9.0/com.contextlogic.wish.apk.pcap,202.105.44.100,benign,961,491164
../pcaps/Android9.0/com.contextlogic.wish.apk.pcap,157.240.3.35,benign,453,197016
../pcaps/Android9.0/com.contextlogic.wish.apk.pcap,74.119.117.146,benign,176,58091
../pcaps/Android9.0/com.contextlogic.wish.apk.pcap,74.119.117.147,"ads,tracking",158,58877
../pcaps/Android9.0/com.contextlogic.wish.apk.pcap,34.219.76.132,benign,27,9684
../pcaps/Android9.0/com.contextlogic.wish.apk.pcap,216.58.193.66,benign,2110,926466
../pcaps/Android9.0/com.contextlogic.wish.apk.pcap,216.58.193.67,benign,78,41901
../pcaps/Android9.0/com.contextlogic.wish.apk.pcap,52.94.210.45,ads,82,32450
../pcaps/Android9.0/com.contextlogic.wish.apk.pcap,13.32.252.242,benign,100,33860
../pcaps/Android9.0/com.contextlogic.wish.apk.pcap,72.21.206.140,benign,101,40836
../pcaps/Android9.0/com.contextlogic.wish.apk.pcap,13.32.203.206,benign,48,24665
../pcaps/Android9.0/com.contextlogic.wish.apk.pcap,54.183.143.5,benign,875,429542
../pcaps/Android9.0/com.sec.android.easyMover.apk.pcap,172.217.14.195,benign,34,10367
../pcaps/Android9.0/com.sec.android.easyMover.apk.pcap,172.217.14.202,benign,90,26264
../pcaps/Android9.0/com.sec.android.easyMover.apk.pcap,172.217.14.238,benign,6,403
../pcaps/Android9.0/com.sec.android.easyMover.apk.pcap,239.255.255.250,benign,21,14658
../pcaps/Android9.0/com.sec.android.easyMover.apk.pcap,172.217.3.206,benign,6,403
../pcaps/Android9.0/com.sec.android.easyMover.apk.pcap,54.67.33.208,benign,78,63501
../pcaps/Android9.0/com.sec.android.easyMover.apk.pcap,216.58.193.67,benign,9,625
../pcaps/Android9.0/com.sec.android.easyMover.apk.pcap,74.125.195.188,benign,4,330
../pcaps/Android9.0/com.sec.android.easyMover.apk.pcap,172.217.3.164,benign,201,19541
../pcaps/Android9.0/com.sec.android.easyMover.apk.pcap,216.58.193.77,benign,36,8531
../pcaps/Android9.0/com.sec.android.easyMover.apk.pcap,216.58.193.74,benign,9,625
../pcaps/Android9.0/com.facebook.mlite.apk.pcap,172.217.14.234,benign,7,481
../pcaps/Android9.0/com.facebook.mlite.apk.pcap,157.240.3.35,benign,423,235179
../pcaps/Android9.0/com.facebook.mlite.apk.pcap,157.240.3.20,benign,64,17694
../pcaps/Android9.0/com.facebook.mlite.apk.pcap,172.217.14.238,benign,10,2275
../pcaps/Android9.0/com.facebook.mlite.apk.pcap,172.217.14.202,benign,28,10809
../pcaps/Android9.0/com.facebook.mlite.apk.pcap,172.217.14.195,benign,11,1145
../pcaps/Android9.0/com.facebook.mlite.apk.pcap,216.58.193.78,benign,6,403
../pcaps/Android9.0/com.facebook.mlite.apk.pcap,172.217.3.202,benign,64,19455
../pcaps/Android9.0/com.facebook.mlite.apk.pcap,74.125.195.188,benign,17,4932
../pcaps/Android9.0/com.facebook.mlite.apk.pcap,216.58.217.42,benign,4,252
../pcaps/Android9.0/com.facebook.mlite.apk.pcap,172.217.3.164,benign,183,12168
../pcaps/Android9.0/com.facebook.mlite.apk.pcap,216.58.193.74,benign,6,512
../pcaps/Android9.0/com.instagram.android.apk.pcap,24.244.4.52,benign,14,7762
../pcaps/Android9.0/com.instagram.android.apk.pcap,24.244.45.17,benign,17,5186
../pcaps/Android9.0/com.instagram.android.apk.pcap,157.240.3.35,benign,212,76473
../pcaps/Android9.0/com.instagram.android.apk.pcap,172.217.3.164,benign,291,56108
../pcaps/Android9.0/com.instagram.android.apk.pcap,172.217.14.227,benign,10,1103
../pcaps/Android9.0/com.instagram.android.apk.pcap,216.58.217.46,benign,18,8607
../pcaps/Android9.0/com.instagram.android.apk.pcap,74.125.195.188,benign,4,330
../pcaps/Android9.0/com.instagram.android.apk.pcap,157.240.3.29,benign,32,10059
../pcaps/Android9.0/com.instagram.android.apk.pcap,172.217.3.196,benign,48,12193
../pcaps/Android9.0/com.instagram.android.apk.pcap,216.58.193.66,benign,15,8298
../pcaps/Android9.0/com.instagram.android.apk.pcap,216.58.193.78,benign,3,1149
../pcaps/Android9.0/com.instagram.android.apk.pcap,172.217.3.202,benign,65,20394
../pcaps/Android9.0/com.instagram.android.apk.pcap,157.240.3.174,benign,70,5027
../pcaps/Android9.0/com.instagram.android.apk.pcap,172.217.14.237,benign,1,66
../pcaps/Android9.0/com.instagram.android.apk.pcap,157.240.3.34,benign,4,326
../pcaps/Android9.0/com.instagram.android.apk.pcap,172.217.3.170,benign,6,403
../pcaps/Android9.0/com.instagram.android.apk.pcap,157.240.3.63,benign,814,393553
../pcaps/Android9.0/com.instagram.android.apk.pcap,172.217.14.234,benign,111,27087
../pcaps/Android9.0/com.instagram.android.apk.pcap,216.58.193.74,benign,88,26110
../pcaps/Android9.0/com.microsoft.office.outlook.apk.pcap,74.125.195.113,benign,9,1696
../pcaps/Android9.0/com.microsoft.office.outlook.apk.pcap,64.4.16.216,benign,90,71425
../pcaps/Android9.0/com.microsoft.office.outlook.apk.pcap,216.58.217.42,benign,75,21260
../pcaps/Android9.0/com.microsoft.office.outlook.apk.pcap,104.210.51.228,benign,1508,736977
../pcaps/Android9.0/com.microsoft.office.outlook.apk.pcap,172.217.14.202,benign,14,926
../pcaps/Android9.0/com.microsoft.office.outlook.apk.pcap,52.173.94.244,benign,1031,739611
../pcaps/Android9.0/com.microsoft.office.outlook.apk.pcap,216.58.217.46,benign,6,403
../pcaps/Android9.0/com.microsoft.office.outlook.apk.pcap,104.71.225.206,benign,54,25396
../pcaps/Android9.0/com.microsoft.office.outlook.apk.pcap,172.217.14.206,benign,17,7397
../pcaps/Android9.0/com.microsoft.office.outlook.apk.pcap,20.190.135.5,benign,1387,952667
../pcaps/Android9.0/com.microsoft.office.outlook.apk.pcap,13.107.5.88,benign,12,710
../pcaps/Android9.0/com.microsoft.office.outlook.apk.pcap,172.217.3.164,benign,225,26750
../pcaps/Android9.0/com.microsoft.office.outlook.apk.pcap,40.126.7.64,benign,25,12124
../pcaps/Android9.0/com.microsoft.office.outlook.apk.pcap,52.114.128.8,benign,50,23139
../pcaps/Android9.0/com.microsoft.office.outlook.apk.pcap,52.114.128.9,benign,5,361
../pcaps/Android9.0/com.microsoft.office.outlook.apk.pcap,23.36.178.25,benign,5,380
../pcaps/Android9.0/com.microsoft.office.outlook.apk.pcap,52.114.158.91,tracking,20,9463
../pcaps/Android9.0/com.microsoft.office.outlook.apk.pcap,216.115.100.124,benign,237,152781
../pcaps/Android9.0/com.microsoft.office.outlook.apk.pcap,23.96.111.19,benign,237,40754
../pcaps/Android9.0/com.microsoft.office.outlook.apk.pcap,74.6.160.106,"ads,tracking",40,13014
../pcaps/Android9.0/com.microsoft.office.outlook.apk.pcap,152.199.4.33,ads,68,46857
../pcaps/Android9.0/com.microsoft.office.outlook.apk.pcap,104.71.224.249,benign,738,624937
../pcaps/Android9.0/com.microsoft.office.outlook.apk.pcap,40.78.59.241,benign,39,10544
../pcaps/Android9.0/com.microsoft.office.outlook.apk.pcap,40.78.3.170,benign,77,14085
../pcaps/Android9.0/com.microsoft.office.outlook.apk.pcap,40.78.3.208,benign,31,6789
../pcaps/Android9.0/com.microsoft.office.outlook.apk.pcap,40.85.218.175,tracking,25,10365
../pcaps/Android9.0/com.microsoft.office.outlook.apk.pcap,40.126.7.66,benign,435,337256
../pcaps/Android9.0/com.microsoft.office.outlook.apk.pcap,172.217.14.234,benign,21,3938
../pcaps/Android9.0/com.microsoft.office.outlook.apk.pcap,216.58.217.37,benign,96,21341
../pcaps/Android9.0/com.microsoft.office.outlook.apk.pcap,104.215.74.84,benign,420,165425
../pcaps/Android9.0/com.microsoft.office.outlook.apk.pcap,23.49.128.129,benign,28,11098
../pcaps/Android9.0/com.microsoft.office.outlook.apk.pcap,40.112.199.187,benign,176,88101
../pcaps/Android9.0/com.microsoft.office.outlook.apk.pcap,34.238.173.60,benign,2,132
../pcaps/Android9.0/com.microsoft.office.outlook.apk.pcap,52.125.128.1,benign,24,8160
../pcaps/Android9.0/com.microsoft.office.outlook.apk.pcap,172.217.3.195,benign,13,1725
../pcaps/Android9.0/com.microsoft.office.outlook.apk.pcap,40.126.7.101,benign,156,118419
../pcaps/Android9.0/com.microsoft.office.outlook.apk.pcap,74.125.195.188,benign,15,3992
../pcaps/Android9.0/com.microsoft.office.outlook.apk.pcap,172.217.3.170,benign,7,481
../pcaps/Android9.0/com.microsoft.office.outlook.apk.pcap,40.126.7.99,benign,310,233109
../pcaps/Android9.0/com.microsoft.office.outlook.apk.pcap,13.107.246.10,ads,1286,938038
../pcaps/Android9.0/com.microsoft.office.outlook.apk.pcap,20.36.243.0,benign,377,41370
../pcaps/Android9.0/com.microsoft.office.outlook.apk.pcap,98.136.103.27,ads,39,13130
../pcaps/Android9.0/com.microsoft.office.outlook.apk.pcap,52.109.2.16,benign,25,8660
../pcaps/Android9.0/com.microsoft.office.outlook.apk.pcap,74.6.160.138,benign,178,99502
../pcaps/Android9.0/com.microsoft.office.outlook.apk.pcap,52.109.2.14,benign,18,8663
../pcaps/Android9.0/com.microsoft.office.outlook.apk.pcap,23.100.32.100,benign,274,104297
../pcaps/Android9.0/com.microsoft.office.outlook.apk.pcap,52.114.88.28,benign,182,88334
../pcaps/Android9.0/com.microsoft.office.outlook.apk.pcap,107.23.14.52,benign,6,478
../pcaps/Android9.0/com.flashfoodapp.android.apk.pcap,172.217.14.234,benign,49,13962
../pcaps/Android9.0/com.flashfoodapp.android.apk.pcap,24.244.45.17,benign,27,8318
../pcaps/Android9.0/com.flashfoodapp.android.apk.pcap,157.240.3.35,benign,1141,623388
../pcaps/Android9.0/com.flashfoodapp.android.apk.pcap,52.84.50.249,benign,7,524
../pcaps/Android9.0/com.flashfoodapp.android.apk.pcap,157.240.3.20,benign,36,12328
../pcaps/Android9.0/com.flashfoodapp.android.apk.pcap,172.217.14.195,benign,8,523
../pcaps/Android9.0/com.flashfoodapp.android.apk.pcap,52.19.148.199,benign,9,687
../pcaps/Android9.0/com.flashfoodapp.android.apk.pcap,172.217.14.238,benign,11,735
../pcaps/Android9.0/com.flashfoodapp.android.apk.pcap,157.240.3.29,benign,1871,1573100
../pcaps/Android9.0/com.flashfoodapp.android.apk.pcap,216.58.217.45,benign,5,405
../pcaps/Android9.0/com.flashfoodapp.android.apk.pcap,ff02::2,benign,1,70
../pcaps/Android9.0/com.flashfoodapp.android.apk.pcap,54.77.242.93,benign,8,554
../pcaps/Android9.0/com.flashfoodapp.android.apk.pcap,74.125.195.188,benign,13,4579
../pcaps/Android9.0/com.flashfoodapp.android.apk.pcap,35.190.25.25,ads,39,22176
../pcaps/Android9.0/com.flashfoodapp.android.apk.pcap,151.101.130.110,ads,79,37578
../pcaps/Android9.0/com.flashfoodapp.android.apk.pcap,35.186.241.51,benign,39,11079
../pcaps/Android9.0/com.flashfoodapp.android.apk.pcap,172.217.3.163,benign,35,10384
../pcaps/Android9.0/com.flashfoodapp.android.apk.pcap,172.217.3.164,benign,196,18269
../pcaps/Android9.0/com.flashfoodapp.android.apk.pcap,52.84.50.215,benign,8,590
../pcaps/Android9.0/com.flashfoodapp.android.apk.pcap,52.84.17.100,benign,5,361
../pcaps/Android9.0/com.flashfoodapp.android.apk.pcap,216.58.193.74,benign,32,7808
../pcaps/Android9.0/com.bitstrips.imoji.apk.pcap,52.204.137.72,benign,162,92066
../pcaps/Android9.0/com.bitstrips.imoji.apk.pcap,172.217.14.227,benign,272,221846
../pcaps/Android9.0/com.bitstrips.imoji.apk.pcap,172.217.14.202,benign,100,58755
../pcaps/Android9.0/com.bitstrips.imoji.apk.pcap,54.243.100.122,benign,7,512
../pcaps/Android9.0/com.bitstrips.imoji.apk.pcap,172.217.14.206,benign,8,547
../pcaps/Android9.0/com.bitstrips.imoji.apk.pcap,174.129.4.175,benign,36,12116
../pcaps/Android9.0/com.bitstrips.imoji.apk.pcap,172.217.3.202,benign,13,872
../pcaps/Android9.0/com.bitstrips.imoji.apk.pcap,172.217.14.243,benign,228,72036
../pcaps/Android9.0/com.bitstrips.imoji.apk.pcap,172.217.3.164,benign,186,12220
../pcaps/Android9.0/com.bitstrips.imoji.apk.pcap,54.243.172.129,benign,32,10518
../pcaps/Android9.0/com.bitstrips.imoji.apk.pcap,54.204.21.53,benign,31,10552
../pcaps/Android9.0/com.bitstrips.imoji.apk.pcap,13.32.252.10,benign,58,22840
../pcaps/Android9.0/com.bitstrips.imoji.apk.pcap,3.88.88.238,benign,307,181599
../pcaps/Android9.0/com.bitstrips.imoji.apk.pcap,50.17.211.220,benign,33,10925
../pcaps/Android9.0/com.bitstrips.imoji.apk.pcap,172.217.14.234,benign,13,1049
../pcaps/Android9.0/com.bitstrips.imoji.apk.pcap,172.217.14.237,benign,19,9076
../pcaps/Android9.0/com.bitstrips.imoji.apk.pcap,216.58.217.35,benign,7,481
../pcaps/Android9.0/com.bitstrips.imoji.apk.pcap,172.217.14.195,benign,33,10326
../pcaps/Android9.0/com.bitstrips.imoji.apk.pcap,50.16.208.19,benign,55,16181
../pcaps/Android9.0/com.bitstrips.imoji.apk.pcap,172.217.14.211,benign,266,82905
../pcaps/Android9.0/com.bitstrips.imoji.apk.pcap,172.217.14.238,benign,22,4307
../pcaps/Android9.0/com.bitstrips.imoji.apk.pcap,172.217.3.196,benign,269,164476
../pcaps/Android9.0/com.bitstrips.imoji.apk.pcap,172.217.3.179,benign,228,72198
../pcaps/Android9.0/com.bitstrips.imoji.apk.pcap,172.217.3.211,benign,340,105246
../pcaps/Android9.0/com.bitstrips.imoji.apk.pcap,74.125.195.188,benign,4,332
../pcaps/Android9.0/com.bitstrips.imoji.apk.pcap,50.17.234.255,benign,32,10548
../pcaps/Android9.0/com.bitstrips.imoji.apk.pcap,172.217.3.170,benign,39,6992
../pcaps/Android9.0/com.bitstrips.imoji.apk.pcap,23.21.255.177,benign,35,12575
../pcaps/Android9.0/com.bitstrips.imoji.apk.pcap,54.225.204.50,benign,51,20941
../pcaps/Android9.0/com.bitstrips.imoji.apk.pcap,13.32.252.201,benign,95,38758
../pcaps/Android9.0/com.bitstrips.imoji.apk.pcap,54.225.148.155,benign,27,9898
../pcaps/Android9.0/com.bitstrips.imoji.apk.pcap,216.58.193.68,benign,68,31002
../pcaps/Android9.0/com.bitstrips.imoji.apk.pcap,239.255.255.250,benign,21,14658
../pcaps/Android9.0/com.bitstrips.imoji.apk.pcap,23.21.164.128,benign,12,885
../pcaps/Android9.0/ca.gc.ec.weather_app_android.ops.apk.pcap,24.244.4.52,benign,31,12784
../pcaps/Android9.0/ca.gc.ec.weather_app_android.ops.apk.pcap,ff02::2,benign,1,70
../pcaps/Android9.0/ca.gc.ec.weather_app_android.ops.apk.pcap,172.217.14.226,benign,19,5258
../pcaps/Android9.0/ca.gc.ec.weather_app_android.ops.apk.pcap,216.58.217.42,benign,35,10369
../pcaps/Android9.0/ca.gc.ec.weather_app_android.ops.apk.pcap,54.225.193.189,benign,9,656
../pcaps/Android9.0/ca.gc.ec.weather_app_android.ops.apk.pcap,216.58.217.46,benign,11,745
../pcaps/Android9.0/ca.gc.ec.weather_app_android.ops.apk.pcap,172.217.14.206,benign,41,14837
../pcaps/Android9.0/ca.gc.ec.weather_app_android.ops.apk.pcap,ff02::fb,benign,4,360
../pcaps/Android9.0/ca.gc.ec.weather_app_android.ops.apk.pcap,172.217.3.162,benign,13,8178
../pcaps/Android9.0/ca.gc.ec.weather_app_android.ops.apk.pcap,216.58.193.78,benign,30,14972
../pcaps/Android9.0/ca.gc.ec.weather_app_android.ops.apk.pcap,ff02::1:3,benign,2,168
../pcaps/Android9.0/ca.gc.ec.weather_app_android.ops.apk.pcap,205.189.10.86,benign,30,7313
../pcaps/Android9.0/ca.gc.ec.weather_app_android.ops.apk.pcap,216.58.193.74,benign,29,4301
../pcaps/Android9.0/ca.gc.ec.weather_app_android.ops.apk.pcap,172.217.14.234,benign,123,40749
../pcaps/Android9.0/ca.gc.ec.weather_app_android.ops.apk.pcap,172.217.14.202,benign,19,6551
../pcaps/Android9.0/ca.gc.ec.weather_app_android.ops.apk.pcap,23.21.213.193,benign,3457,1407485
../pcaps/Android9.0/ca.gc.ec.weather_app_android.ops.apk.pcap,216.58.217.35,benign,25,4213
../pcaps/Android9.0/ca.gc.ec.weather_app_android.ops.apk.pcap,50.17.248.225,benign,3725,1513398
../pcaps/Android9.0/ca.gc.ec.weather_app_android.ops.apk.pcap,23.21.45.2,benign,9,644
../pcaps/Android9.0/ca.gc.ec.weather_app_android.ops.apk.pcap,74.125.195.188,benign,24,7194
../pcaps/Android9.0/ca.gc.ec.weather_app_android.ops.apk.pcap,224.0.0.251,benign,4,280
../pcaps/Android9.0/ca.gc.ec.weather_app_android.ops.apk.pcap,224.0.0.252,benign,2,128
