Package Name,Benign Domains,Benign IPs,Benign Traffic,Ad Domains,Ad IPs,Ad Traffic,Tracking Domains,Tracking IPs,Tracking Traffic,HTTPS Benign Domains,HTTPS Benign IPs,HTTPS Benign Traffic,HTTPS Ad Domains,HTTPS Ad IPs,HTTPS Ad Traffic,HTTPS Tracking Domains,HTTPS Tracking IPs,HTTPS Tracking Traffic,,,,Number of Ad Domains,Number of Tracking Domains,Number of Benign Domains
com.peoplefun.wordcross.apk,,0,0,,0,0,,0,0,"31.3.237.190,52.84.50.251,52.84.50.201,52.50.247.190,31.3.237.180,word-cross.appspot.com,173.194.203.188",7,85465,e.crashlytics.com,6,58702,e.crashlytics.com,6,58702,,202869,0.289359143,1,1,7
com.youmusic.magictiles.apk,"52.71.9.24:1341,d25l8ybundaqcq.cloudfront.net,superpowered.com",3,1457,,0,0,,0,0,"52.71.9.24,init.supersonicads.com,outcome-ssp.supersonicads.com,api.tapstream.com,13.32.205.144,www.ssacdn.com.edgekey.net,70.32.80.158,cx.ssacdn.com,r1---sn-ni5f-ttjz.gvt1.com,publisher-config-gcp.unityads.unity3d.com,ssl-spire.aarki.net.c.footprint.net,r4.sn-ni5f-ttjs.gvt1.com,r3.sn-ni5f-ttjz.googlevideo.com,guc-api.sonic-us.supersonicads.com,events.iap.unity3d.com,r3.sn-nx5s7n7s.c.2mdn.net,lookaside.facebook.com,scontent.fyyc2-1.fna.fbcdn.net,173.194.203.188",22,21034852,"supersonicads-a.akamaihd.net,events.appsflyer.com,graph.accountkit.com,ecommerce.iap.unity3d.com,api.appsflyer.com,z.moatads.com,d2ubx2mpeq0x2u.cloudfront.net,rv-gateway.supersonicads.com,ow-gateway.supersonicads.com,api-gdpr.voodoo-tech.io,www.bitmoji.com,photos-ugc.l.googleusercontent.com,d3r454g9v5s33k.cloudfront.net,play-games.googleusercontent.com,rt.applovin.com,csi.gstatic.com,webview.unityads.unity3d.com,auction.unityads.unity3d.com,thind-prd-knob.data.ie.unity3d.com,stage-pdn.applovin.com,stats.appsflyer.com,outcome-cdn.supersonicads.com,e.crashlytics.com,bid.g.doubleclick.net,click-haproxy.supersonicads.com,td.thebrighttag.com,pagead.l.doubleclick.net,t.appsflyer.com",45,30991851,"supersonicads-a.akamaihd.net,events.appsflyer.com,graph.accountkit.com,z.moatads.com,photos-ugc.l.googleusercontent.com,play-games.googleusercontent.com,rt.applovin.com,csi.gstatic.com,stats.appsflyer.com,e.crashlytics.com,bid.g.doubleclick.net,pagead.l.doubleclick.net,t.appsflyer.com",28,11946246,,63974406,0.484441403,28,13,22
com.luckyday.app.apk,,0,0,,0,0,,0,0,"54.191.162.81,lookaside.facebook.com,scontent.fyyc2-1.fna.fbcdn.net,static.qriously.com,23.59.157.47,173.194.203.188,d1elnzx3kkedhp.cloudfront.net",7,4172935,"api.segment.io,graph.accountkit.com,api.leanplum.com,ads.mopub.com,api.safedk.com,e.crashlytics.com,ads.api.vungle.com,rt.applovin.com,api.amplitude.com,reports.crashlytics.com",17,257753,"graph.accountkit.com,api.leanplum.com,ads.mopub.com,e.crashlytics.com,ads.api.vungle.com,rt.applovin.com,reports.crashlytics.com",12,185610,,4616298,0.055835434,10,7,7
com.love.poly.puzzle.game.apk,,0,0,,0,0,,0,0,"203.119.215.106,173.194.203.188",2,1352,"settings.crashlytics.com,e.crashlytics.com",2,674,"settings.crashlytics.com,e.crashlytics.com",2,674,,2700,0.24962963,2,2,2
com.word.game.fun.puzzle.prison.escape.captain.apk,"trans.globalnetworkad.com,sda.wordgameplay.com,market.wordgameplay.com",3,4277,,0,0,,0,0,"18.206.2.146,trans.globalnetworkad.com,sa.unionstatistics.com,52.45.238.77,r2.sn-ni5f-ttjz.googlevideo.com,173.194.203.188,r1---sn-ni5f-ttjz.gvt1.com",8,3251882,"graph.accountkit.com,thind-prd-knob.data.ie.unity3d.com,e.crashlytics.com,t.appsflyer.com,config.uca.cloud.unity3d.com,api.appsflyer.com,pagead.l.doubleclick.net,play-games.googleusercontent.com,csi.gstatic.com,googleads.g.doubleclick.net,perf-events.cloud.unity3d.com",17,512293,"graph.accountkit.com,e.crashlytics.com,t.appsflyer.com,pagead.l.doubleclick.net,play-games.googleusercontent.com,csi.gstatic.com,googleads.g.doubleclick.net",13,265522,,4033974,0.126994621,11,7,10
com.fullfat.bw.apk,"cdn.liftoff.io,impression-east.liftoff.io,stage-a.applovin.com",3,9781,"ads.mopub.com,prod-a.applovin.com",2,2004,ads.mopub.com,1,490,"api-gdpr.voodoo-tech.io,pool.ntp.org,d2ium2hn268ivg.cloudfront.net,init.supersonicads.com,outcome-ssp.supersonicads.com,www.ssacdn.com.edgekey.net,rpc-tapjoy-com-lb-1378811527.us-east-1.elb.amazonaws.com,view.adjust.com,224.0.0.22,173.194.203.188,events.iap.unity3d.com,outcome-cdn.supersonicads.com,impression-east.liftoff.io,cdn.liftoff.io,r4.sn-ni5f-ttjs.gvt1.com,i.singular.net,qserve-2042873985.us-east-1.elb.amazonaws.com",19,6715049,"track.tenjin.io,config.uca.cloud.unity3d.com,graph.accountkit.com,ecommerce.iap.unity3d.com,thind-prd-knob.data.ie.unity3d.com,settings.crashlytics.com,crosspromo.voodoo.io,connect.tapjoy.com,ads.mopub.com,rt.applovin.com,supersonicads-a.akamaihd.net,googleads.g.doubleclick.net,stage-pdn.applovin.com,rubick.gameanalytics.com,z.moatads.com,api.gameanalytics.com,choices.trustarc.com,is-gateway.supersonicads.com,impression.appsflyer.com,d3r454g9v5s33k.cloudfront.net,ws.tapjoyads.com,content.tapjoy.com,app.adjust.com,pagead.l.doubleclick.net,googlehosted.l.googleusercontent.com,lh3.ggpht.com,csi.gstatic.com,click-haproxy.supersonicads.com,track.atom-data.io,clicks-516220843.eu-west-1.elb.amazonaws.com,pagead-googlehosted.l.google.com,play-games.googleusercontent.com,native.sharethrough.com,www.bitmoji.com",47,15991685,"graph.accountkit.com,settings.crashlytics.com,connect.tapjoy.com,ads.mopub.com,rt.applovin.com,supersonicads-a.akamaihd.net,googleads.g.doubleclick.net,z.moatads.com,api.gameanalytics.com,ws.tapjoyads.com,app.adjust.com,pagead.l.doubleclick.net,googlehosted.l.googleusercontent.com,lh3.ggpht.com,csi.gstatic.com,track.atom-data.io,pagead-googlehosted.l.google.com,play-games.googleusercontent.com",27,10911468,,33630477,0.47557128,36,19,20
com.roblox.client.apk,,0,0,,0,0,,0,0,"209.206.41.152,clientsettingscdn.roblox.com.edgekey.net,www.roblox.com,209.206.41.26,locale.roblox.com,ecsv2.roblox.com,ephemeralcounters.api.roblox.com,auth.roblox.com,209.206.41.148,cs22.wpc.v0cdn.net,staticak.rbxcdn.com,roblox-api.arkoselabs.com,static-fc.s3.amazonaws.com,assetgame.roblox.com,captcha.roblox.com,tubitvhelp.zendesk.com,p14.zdassets.com,173.194.203.188,prod-oregon.arkoselabs.com",22,22304276,"t.appsflyer.com,api.appsflyer.com,stats.appsflyer.com,events.appsflyer.com",5,41196,"t.appsflyer.com,stats.appsflyer.com,events.appsflyer.com",4,35378,,22380850,0.001840681,4,3,19
com.mindy.grap1.apk,,0,0,,0,0,,0,0,"publisher-config-gcp.unityads.unity3d.com,35.226.172.250,cdn.liftoff.io,init.supersonicads.com,outcome-ssp.supersonicads.com,www.ssacdn.com.edgekey.net,events.iap.unity3d.com,view.adjust.com,r3---sn-ni5f-ttjs.googlevideo.com,r4---sn-ni5f-ttjz.gvt1.com,r1---sn-ni5f-ttjz.gvt1.com,r3.sn-ni5f-ttjz.googlevideo.com,173.194.203.188,cx.ssacdn.com,impression-east.liftoff.io",21,28625575,"cdn-highwinds.unityads.unity3d.com,config.uca.cloud.unity3d.com,rubick.gameanalytics.com,ads.mopub.com,ecommerce.iap.unity3d.com,track.tenjin.io,api.gameanalytics.com,thind-prd-knob.data.ie.unity3d.com,graph.accountkit.com,rt.applovin.com,supersonicads-a.akamaihd.net,z.moatads.com,d2ubx2mpeq0x2u.cloudfront.net,is-gateway.supersonicads.com,api-gdpr.voodoo-tech.io,www.bitmoji.com,pagead-googlehosted.l.google.com,static.ssacdn.com,photos-ugc.l.googleusercontent.com,csi.gstatic.com,stage-pdn.applovin.com,app.adjust.com,rules.quantcount.com,pagead.l.doubleclick.net,gum.criteo.com,choices.truste.com,click-haproxy.supersonicads.com,ads.api.vungle.com,googleads.g.doubleclick.net,impression.appsflyer.com,clicks-516220843.eu-west-1.elb.amazonaws.com",44,33159963,"ads.mopub.com,api.gameanalytics.com,graph.accountkit.com,rt.applovin.com,supersonicads-a.akamaihd.net,z.moatads.com,pagead-googlehosted.l.google.com,photos-ugc.l.googleusercontent.com,csi.gstatic.com,app.adjust.com,pagead.l.doubleclick.net,ads.api.vungle.com,googleads.g.doubleclick.net",24,10763455,,72548993,0.457069928,31,13,15
com.amanotes.beathopper.apk,,0,0,,0,0,,0,0,"52.84.50.10,adc-ad-assets.adtilt.com,outcome-ssp.supersonicads.com,publisher-config-gcp.unityads.unity3d.com,cx.ssacdn.com,r3---sn-ni5f-ttjs.googlevideo.com,r1.sn-ni5f-ttjs.googlevideo.com,35.201.97.85,224.0.0.22,173.194.203.188,www.ssacdn.com.edgekey.net,lookaside.facebook.com,outcome-cdn.supersonicads.com,s3-1.amazonaws.com",15,5293859,"is-gateway.supersonicads.com,graph.accountkit.com,d2ubx2mpeq0x2u.cloudfront.net,rt.applovin.com,z.moatads.com,adc3-launch.adcolony.com,supersonicads-a.akamaihd.net,webview.unityads.unity3d.com,director.adcolony.com,c4d-cdn.adcolony.com,events3alt.adcolony.com,rules.quantcount.com,auction.unityads.unity3d.com,wd.adcolony.com,cdn-highwinds.unityads.unity3d.com,play-games.googleusercontent.com,thind-prd-knob.data.ie.unity3d.com,pagead-googlehosted.l.google.com,t.appsflyer.com,csi.gstatic.com,events.appsflyer.com,click-haproxy.supersonicads.com,static.ssacdn.com,track.atom-data.io,photos-ugc.l.googleusercontent.com",35,25847083,"graph.accountkit.com,rt.applovin.com,z.moatads.com,adc3-launch.adcolony.com,supersonicads-a.akamaihd.net,events3alt.adcolony.com,wd.adcolony.com,play-games.googleusercontent.com,pagead-googlehosted.l.google.com,t.appsflyer.com,csi.gstatic.com,events.appsflyer.com,track.atom-data.io,photos-ugc.l.googleusercontent.com",22,1191725,,32332667,0.799410794,25,14,14
com.playrix.gardenscapes.apk,,0,0,,0,0,,0,0,"gardenscapes-cdn.playrix.com.edgekey.net,township-ios.playrix.com,3790.api.swrve.com,4699.content.swrve.com,init.supersonicads.com,playrix.helpshift.com,outcome-ssp.supersonicads.com,static.hyprmx.com,www.ssacdn.com.edgekey.net,cx.ssacdn.com,firecraft-studios.helpshift.com,r4.sn-ni5f-ttjs.gvt1.com,r1---sn-ni5f-ttjz.gvt1.com,r4---sn-ni5f-ttjz.gvt1.com,173.194.203.188,inbox.google.com",20,126778135,"graph.accountkit.com,live.hyprmx.com,supersonicads-a.akamaihd.net,z.moatads.com,rv-gateway.supersonicads.com,d2ubx2mpeq0x2u.cloudfront.net,d3r454g9v5s33k.cloudfront.net,onesignal.com",8,1584277,"graph.accountkit.com,supersonicads-a.akamaihd.net,z.moatads.com",3,549306,,128911718,0.012289628,8,3,16
io.voodoo.holeio.apk,"adserver.vidcoin.com,cmp.vidcoin.com,cdn.liftoff.io,impression-east.liftoff.io",7,64538,"ads.mopub.com,prod-a.applovin.com",3,29218,ads.mopub.com,2,21648,"54.174.238.64,adserver.vidcoin.com,rpc-tapjoy-com-lb-1378811527.us-east-1.elb.amazonaws.com,cmp.vidcoin.com,init.supersonicads.com,outcome-ssp.supersonicads.com,www.ssacdn.com.edgekey.net,www.bitmoji.com,cx.ssacdn.com,medias.fcacanada.ca,account.fcacanada.ca,173.194.203.188,s3-1.amazonaws.com,adserver-elasticl-d4w3p12p0d2b-1404757519.us-east-1.elb.amazonaws.com,api-gdpr.voodoo-tech.io,impression-east.liftoff.io,cdn.liftoff.io,outcome-cdn.supersonicads.com",29,3928442,"ws.tapjoyads.com,ads.mopub.com,content.tapjoy.com,rubick.gameanalytics.com,track.tenjin.io,api.gameanalytics.com,pagead.l.doubleclick.net,rt.applovin.com,graph.accountkit.com,supersonicads-a.akamaihd.net,z.moatads.com,api-gdpr.voodoo-tech.io,is-gateway.supersonicads.com,play-games.googleusercontent.com,ad.doubleclick.net,d3r454g9v5s33k.cloudfront.net,thind-prd-knob.data.ie.unity3d.com,csi.gstatic.com,wsback2b.prod.cloud.ogury.io,pr.ybp.yahoo.com,beap-bc.yahoo.com,googleads.g.doubleclick.net,ssl.google-analytics.com,geo.yahoo.com,lh3.ggpht.com,e.crashlytics.com,cmp.vidcoin.com,stage-pdn.applovin.com,impression.appsflyer.com,www.bitmoji.com,static.hyprmx.com,click-haproxy.supersonicads.com,cdn.ampproject.org",53,23027298,"ws.tapjoyads.com,ads.mopub.com,api.gameanalytics.com,pagead.l.doubleclick.net,rt.applovin.com,graph.accountkit.com,supersonicads-a.akamaihd.net,z.moatads.com,play-games.googleusercontent.com,ad.doubleclick.net,csi.gstatic.com,beap-bc.yahoo.com,googleads.g.doubleclick.net,ssl.google-analytics.com,geo.yahoo.com,lh3.ggpht.com,e.crashlytics.com,cdn.ampproject.org",35,11039482,,38110626,0.60498917,35,19,22
com.matchington.mansion.apk,,0,0,,0,0,,0,0,"52.52.240.97,firecraft-studios.helpshift.com,173.194.203.188,playrix.helpshift.com,static.qriously.com",8,47716,"graph.accountkit.com,thind-prd-knob.data.ie.unity3d.com,e.crashlytics.com,pagead.l.doubleclick.net",10,272411,"graph.accountkit.com,e.crashlytics.com,pagead.l.doubleclick.net",9,269019,,589146,0.462382839,4,3,5
com.playrix.township.apk,,0,0,,0,0,,0,0,"playrix.helpshift.com,18.234.166.237,township-ios.playrix.com,gardenscapes-cdn.playrix.com.edgekey.net,1170.api.swrve.com,lookaside.facebook.com,4699.content.swrve.com,173.194.203.188",19,497707,graph.accountkit.com,1,15622,graph.accountkit.com,1,15622,,528951,0.029533927,1,1,8
com.colorup.game.apk,,0,0,,0,0,,0,0,"23.21.184.118,init.supersonicads.com,outcome-ssp.supersonicads.com,www.ssacdn.com.edgekey.net,abs.twimg.com,platform.twitter.com,tdbankfinancialgroup.tt.omtrdc.net,cdn.cms-twdigitalassets.com,173.194.203.188",10,232924,"app.adjust.com,config.uca.cloud.unity3d.com,graph.accountkit.com,pad-v3.presage.io,wsback2b.prod.cloud.ogury.io,ads.mopub.com,thind-prd-knob.data.ie.unity3d.com,e.crashlytics.com,supersonicads-a.akamaihd.net,play-games.googleusercontent.com,photos-ugc.l.googleusercontent.com,z.moatads.com,ecommerce.iap.unity3d.com,csi.gstatic.com,pagead.l.doubleclick.net,d2ubx2mpeq0x2u.cloudfront.net,is-gateway.supersonicads.com,rt.applovin.com,d3r454g9v5s33k.cloudfront.net,ads.twitter.com,cdn.tt.omtrdc.net,ssl.google-analytics.com,stats.l.doubleclick.net,syndication.twitter.com,googleads.g.doubleclick.net",35,4566596,"app.adjust.com,graph.accountkit.com,ads.mopub.com,e.crashlytics.com,supersonicads-a.akamaihd.net,play-games.googleusercontent.com,photos-ugc.l.googleusercontent.com,z.moatads.com,csi.gstatic.com,pagead.l.doubleclick.net,rt.applovin.com,ads.twitter.com,cdn.tt.omtrdc.net,ssl.google-analytics.com,stats.l.doubleclick.net,googleads.g.doubleclick.net",26,3275822,,8075342,0.565498774,25,16,9
com.ohbibi.fps.apk,,0,0,,0,0,,0,0,"ingress-prod.obb.cloud,52.216.20.173,vss-ns-usw.westus.cloudapp.azure.com,publisher-config-gcp.unityads.unity3d.com,s3-1.amazonaws.com,92.38.154.8,92.223.82.18,92.38.183.6,5.188.239.5,92.223.103.75,173.194.203.188,events.iap.unity3d.com",15,9129903,"thind-prd-knob.data.ie.unity3d.com,onesignal.com,ecommerce.iap.unity3d.com,webview.unityads.unity3d.com,app.adjust.com,auction.unityads.unity3d.com,cdn-highwinds.unityads.unity3d.com,api.amplitude.com,gate.hockeyapp.net,e.crashlytics.com,graph.accountkit.com",21,5374620,"app.adjust.com,gate.hockeyapp.net,e.crashlytics.com,graph.accountkit.com",9,99271,,14603794,0.36802902,11,4,12
io.voodoo.paper2.apk,"adserver.vidcoin.com,cmp.vidcoin.com,cdn.liftoff.io,impression-east.liftoff.io",7,65215,"ads.mopub.com,assets.applovin.com,prod-a.applovin.com",4,27390,ads.mopub.com,2,24108,"www.bitmoji.com,rpc-tapjoy-com-lb-1378811527.us-east-1.elb.amazonaws.com,cmp.vidcoin.com,init.supersonicads.com,outcome-ssp.supersonicads.com,www.ssacdn.com.edgekey.net,pxj-0.tlnk.io,events.iap.unity3d.com,s3-1.amazonaws.com,adserver-elasticl-d4w3p12p0d2b-1404757519.us-east-1.elb.amazonaws.com,www.freedommobile.ca,e7100.g.akamaiedge.net,ips-invite.iperceptions.com,lookaside.facebook.com,d3htn85c6cao65.cloudfront.net,ads.connectedinteractive.com,siteintercept.qprod2.net,locations.freedommobile.ca,freedom.wysdom.com,173.194.203.188,tps11036.doubleverify.com,api-gdpr.voodoo-tech.io,i.singular.net,cdn.liftoff.io,impression-east.liftoff.io,serve-west.acuityplatform.com,cdn.acuityplatform.com,tps-wlb-uswest.dvgtm.akadns.net",40,5635267,"e.crashlytics.com,ads.mopub.com,content.tapjoy.com,ws.tapjoyads.com,track.tenjin.io,choices.truste.com,pagead.l.doubleclick.net,rt.applovin.com,supersonicads-a.akamaihd.net,api.gameanalytics.com,z.moatads.com,d2ubx2mpeq0x2u.cloudfront.net,stage-pdn.applovin.com,is-gateway.supersonicads.com,play-games.googleusercontent.com,csi.gstatic.com,thind-prd-knob.data.ie.unity3d.com,ads.api.vungle.com,beap-bc.yahoo.com,api-gdpr.voodoo-tech.io,d3r454g9v5s33k.cloudfront.net,wsback2b.prod.cloud.ogury.io,ad.doubleclick.net,ssl.google-analytics.com,platform.twitter.map.fastly.net,acuityplatform.com,ad.turn.com,stats.l.doubleclick.net,td.crwdcntrl.net,ads.twitter.com,ad.crwdcntrl.net,vars.hotjar.com.c.section.io,rules.quantcount.com,click-haproxy.supersonicads.com,outcome-cdn.supersonicads.com,bip.prod.cloud.ogury.io,impression.appsflyer.com,track.atom-data.io,cmp.vidcoin.com,graph.accountkit.com,p.adsymptotic.com,u.acuityplatform.com,www.bitmoji.com,photos-ugc.l.googleusercontent.com,googleads.g.doubleclick.net",75,20617418,"e.crashlytics.com,ads.mopub.com,ws.tapjoyads.com,pagead.l.doubleclick.net,rt.applovin.com,supersonicads-a.akamaihd.net,api.gameanalytics.com,z.moatads.com,play-games.googleusercontent.com,csi.gstatic.com,ads.api.vungle.com,beap-bc.yahoo.com,ad.doubleclick.net,ssl.google-analytics.com,acuityplatform.com,stats.l.doubleclick.net,td.crwdcntrl.net,ads.twitter.com,ad.crwdcntrl.net,track.atom-data.io,graph.accountkit.com,photos-ugc.l.googleusercontent.com,googleads.g.doubleclick.net",44,7431442,,33800840,0.610777957,48,24,32
com.h8games.helixjump.apk,cmp.vidcoin.com,1,5411,"insight.adsrvr.org,tpc.googlesyndication.com,ads.mopub.com,use-tor.adsrvr.org,choices.trustarc.com",5,6266,ads.mopub.com,1,1452,"init.supersonicads.com,outcome-ssp.supersonicads.com,www.ssacdn.com.edgekey.net,pxj-0.tlnk.io,173.194.203.188,view.adjust.com",6,78171,"rt.applovin.com,static.ssacdn.com,ads.mopub.com,photos-ugc.l.googleusercontent.com,supersonicads-a.akamaihd.net,graph.accountkit.com,z.moatads.com,csi.gstatic.com,d2ubx2mpeq0x2u.cloudfront.net,www.bitmoji.com,content.tapjoy.com,api.gameanalytics.com,thind-prd-knob.data.ie.unity3d.com,ads.api.vungle.com,track.tenjin.io,wsback2b.prod.cloud.ogury.io,stage-pdn.applovin.com,impression.appsflyer.com,e.crashlytics.com,rv-gateway.supersonicads.com,ws.tapjoyads.com,choices.truste.com,insight-1616140656.us-west-2.elb.amazonaws.com,ad.doubleclick.net,pagead-googlehosted.l.google.com,use-tor.adsrvr.org,choices.trustarc.com,pagead.l.doubleclick.net,googlehosted.l.googleusercontent.com",48,6020538,"rt.applovin.com,ads.mopub.com,photos-ugc.l.googleusercontent.com,supersonicads-a.akamaihd.net,graph.accountkit.com,z.moatads.com,csi.gstatic.com,api.gameanalytics.com,ads.api.vungle.com,e.crashlytics.com,ws.tapjoyads.com,ad.doubleclick.net,pagead-googlehosted.l.google.com,pagead.l.doubleclick.net,googlehosted.l.googleusercontent.com",30,3869451,,9981289,0.603810189,34,16,7
com.halfbrick.fruitninjafree.apk,,0,0,,0,0,,0,0,"static.hyprmx.com,skydeo-api-elb-production-370232706.us-east-1.elb.amazonaws.com,35.184.115.180,34.208.56.43,35.165.220.205,publisher-config-gcp.unityads.unity3d.com,173.194.203.188,outcome-ssp.supersonicads.com,lookaside.facebook.com,scontent.fyyc2-1.fna.fbcdn.net,support.bricknet.com,13.32.252.100,www.ssacdn.com.edgekey.net,apiv2.bricknet.com",18,1196207,"supersonicads-a.akamaihd.net,native.sharethrough.com,choices.truste.com,webview.unityads.unity3d.com,auction.unityads.unity3d.com,cdn-highwinds.unityads.unity3d.com,graph.accountkit.com,live.chartboost.com,pagead.l.doubleclick.net,static.ssacdn.com,e.crashlytics.com",17,4676278,"supersonicads-a.akamaihd.net,graph.accountkit.com,pagead.l.doubleclick.net,e.crashlytics.com",8,132973,,6005458,0.778671335,11,4,14
com.candywriter.bitlife.apk,,0,0,,0,0,,0,0,"events.iap.unity3d.com,173.194.203.188",2,9427,"googlehosted.l.googleusercontent.com,rt.applovin.com,thind-prd-knob.data.ie.unity3d.com,auction.unityads.unity3d.com,stage-pdn.applovin.com,js-agent.newrelic.com,graph.accountkit.com,e.crashlytics.com,ad.doubleclick.net,lh3.ggpht.com",15,7560593,"googlehosted.l.googleusercontent.com,rt.applovin.com,js-agent.newrelic.com,graph.accountkit.com,e.crashlytics.com,ad.doubleclick.net,lh3.ggpht.com",12,4572595,,12142615,0.622649487,10,7,2
com.playgendary.tanks.apk,,0,0,,0,0,,0,0,"api.playgendary.com,game-service.playgendary.com,52.210.180.106,s3.eu-central-1.amazonaws.com,init.supersonicads.com,outcome-ssp.supersonicads.com,www.ssacdn.com.edgekey.net,awseb-awseb-d9lwqcsydbt1-1241560388.eu-central-1.elb.amazonaws.com,173.194.203.188",9,114877,"placements.tapjoy.com,content.tapjoy.com,googleads.g.doubleclick.net,ads.tapdaq.com.cdn.cloudflare.net,rt.applovin.com,supersonicads-a.akamaihd.net,graph.accountkit.com,stage-pdn.applovin.com,play-games.googleusercontent.com,lh3.ggpht.com,z.moatads.com,native.sharethrough.com,rv-gateway.supersonicads.com,csi.gstatic.com,www.bitmoji.com,thind-prd-knob.data.ie.unity3d.com,track.tenjin.io,t.appsflyer.com,ws.tapjoyads.com,www-googletagmanager.l.google.com",22,5037285,"googleads.g.doubleclick.net,rt.applovin.com,supersonicads-a.akamaihd.net,graph.accountkit.com,play-games.googleusercontent.com,lh3.ggpht.com,z.moatads.com,csi.gstatic.com,t.appsflyer.com,ws.tapjoyads.com",10,2989371,,8141533,0.618714559,20,10,9
io.voodoo.crowdcity.apk,"cmp.vidcoin.com,cdn.liftoff.io,impression-east.liftoff.io,ipv6.adrta.com,us01.rayjump.com,stage-a.applovin.com,build-cdn.liftoff.io",10,137007,"pdn.applovin.com,assets.applovin.com,prod-a.applovin.com,cdn.adrta.com,ads.mopub.com,setting.rayjump.com,net.rayjump.com,cdn-adn.rayjump.com,tpc.googlesyndication.com",14,90361,"adrta.com,ads.mopub.com",3,35115,"cmp.vidcoin.com,init.supersonicads.com,outcome-ssp.supersonicads.com,www.ssacdn.com.edgekey.net,impression-east.liftoff.io,cdn.liftoff.io,cx.ssacdn.com,s3-1.amazonaws.com,adserver-elasticl-d4w3p12p0d2b-1404757519.us-east-1.elb.amazonaws.com,dualstack.awseb-e-j-awsebloa-yfxnb5rgajcj-2076400972.us-west-2.elb.amazonaws.com,www.freedommobile.ca,e7100.g.akamaiedge.net,ips-invite.iperceptions.com,lookaside.facebook.com,d3htn85c6cao65.cloudfront.net,locations.freedommobile.ca,ads.connectedinteractive.com,abs.twimg.com,tps-wlb-uswest.dvgtm.akadns.net,events.iap.unity3d.com,151front-2.lb.engagecore.com,adn-tktracking-virginia-621472495.us-east-1.elb.amazonaws.com,medias.fcacanada.ca,173.194.203.188,adexp.liftoff.io,d1wflv6hqvys4x.cloudfront.net",37,3527212,"ads.mopub.com,graph.accountkit.com,cmp.vidcoin.com,rt.applovin.com,pagead.l.doubleclick.net,supersonicads-a.akamaihd.net,z.moatads.com,api-gdpr.voodoo-tech.io,stage-pdn.applovin.com,api.gameanalytics.com,rv-gateway.supersonicads.com,www.bitmoji.com,thind-prd-knob.data.ie.unity3d.com,d3r454g9v5s33k.cloudfront.net,track.tenjin.io,cdn.adrta.com,ad.doubleclick.net,googlehosted.l.googleusercontent.com,www-googletagmanager.l.google.com,platform.twitter.map.fastly.net,acuityplatform.com,ad.turn.com,td.crwdcntrl.net,stats.l.doubleclick.net,ad.crwdcntrl.net,ads.twitter.com,e.crashlytics.com,rules.quantcount.com,ads.api.vungle.com,click-haproxy.supersonicads.com,content.tapjoy.com,ws.tapjoyads.com,a884198e3c52111e7b98a029663ff8cb-362620669.us-east-1.elb.amazonaws.com,analytics.rayjump.com,net.rayjump.com,rayjump.ctg.nsatc.net,lh3.ggpht.com,gslb.demdex.net,d.agkn.com,googleads.g.doubleclick.net",65,34233660,"ads.mopub.com,graph.accountkit.com,rt.applovin.com,pagead.l.doubleclick.net,supersonicads-a.akamaihd.net,z.moatads.com,api.gameanalytics.com,adrta.com,ad.doubleclick.net,googlehosted.l.googleusercontent.com,acuityplatform.com,td.crwdcntrl.net,stats.l.doubleclick.net,ad.crwdcntrl.net,ads.twitter.com,e.crashlytics.com,ads.api.vungle.com,ws.tapjoyads.com,lh3.ggpht.com,d.agkn.com,googleads.g.doubleclick.net",36,7924316,,45947671,0.747024175,49,23,33
com.magjg.roundhit.apk,,0,0,,0,0,,0,0,"23.21.206.153,173.194.203.188",2,1108,"e.crashlytics.com,graph.accountkit.com",2,3900862,"e.crashlytics.com,graph.accountkit.com",2,3900862,,7802832,0.499929,2,2,2
com.sausageflip.game.apk,,0,0,,0,0,,0,0,"publisher-config-gcp.unityads.unity3d.com,cx.ssacdn.com,outcome-ssp.supersonicads.com,www.bitmoji.com,cdn.liftoff.io,outcome-cdn.supersonicads.com,www.ssacdn.com.edgekey.net,173.194.203.188,events.iap.unity3d.com,api.applike-services.info,tracking.applike-marketing.info",18,3860247,"d2ubx2mpeq0x2u.cloudfront.net,rt.applovin.com,pagead.l.doubleclick.net,api-gdpr.voodoo-tech.io,supersonicads-a.akamaihd.net,webview.unityads.unity3d.com,googlehosted.l.googleusercontent.com,lh3.ggpht.com,d3r454g9v5s33k.cloudfront.net,auction.unityads.unity3d.com,googleads.g.doubleclick.net,graph.accountkit.com,csi.gstatic.com,api.gameanalytics.com,thind-prd-knob.data.ie.unity3d.com,is-gateway.supersonicads.com,www.bitmoji.com,track.tenjin.io,click-haproxy.supersonicads.com,track.atom-data.io,static.hyprmx.com,choices.truste.com,cmp.vidcoin.com,photos-ugc.l.googleusercontent.com,static.ssacdn.com,s0-2mdn-net.l.google.com",40,50683784,"rt.applovin.com,pagead.l.doubleclick.net,supersonicads-a.akamaihd.net,googlehosted.l.googleusercontent.com,lh3.ggpht.com,googleads.g.doubleclick.net,graph.accountkit.com,csi.gstatic.com,api.gameanalytics.com,track.atom-data.io,photos-ugc.l.googleusercontent.com",21,4142626,,58686657,0.863633858,26,11,11
com.parking.game.apk,cdn.liftoff.io,1,530,"ads.mopub.com,assets.applovin.com",2,1231,ads.mopub.com,1,984,"init.supersonicads.com,54.225.188.185,track.saygames.io,outcome-ssp.supersonicads.com,23.21.109.80,cx.ssacdn.com,www.ssacdn.com.edgekey.net,35.208.202.71,saygames.sfo2.cdn.digitaloceanspaces.com,view.adjust.com,publisher-config-gcp.unityads.unity3d.com,173.194.203.188,tracking.prd.mz.internal.unity3d.com,events.iap.unity3d.com,tr-us.adsmoloco.com,www.bitmoji.com,cdn.liftoff.io",25,7957949,"z.moatads.com,supersonicads-a.akamaihd.net,d2ubx2mpeq0x2u.cloudfront.net,api-gdpr.voodoo-tech.io,is-gateway.supersonicads.com,ecommerce.iap.unity3d.com,ads.mopub.com,rt.applovin.com,cdn.ampproject.org,play-games.googleusercontent.com,graph.accountkit.com,d3r454g9v5s33k.cloudfront.net,csi.gstatic.com,stage-pdn.applovin.com,thind-prd-knob.data.ie.unity3d.com,api.gameanalytics.com,track.tenjin.io,app.adjust.com,webview.unityads.unity3d.com,static.hyprmx.com,auction.unityads.unity3d.com,cdn-highwinds.unityads.unity3d.com,rules.quantcount.com,e.crashlytics.com,impact.applifier.com,click-haproxy.supersonicads.com,js-agent.newrelic.com,www.bitmoji.com,choices.truste.com,httpkafka.unityads.unity3d.com",49,36209328,"z.moatads.com,supersonicads-a.akamaihd.net,ads.mopub.com,rt.applovin.com,cdn.ampproject.org,play-games.googleusercontent.com,graph.accountkit.com,csi.gstatic.com,api.gameanalytics.com,app.adjust.com,e.crashlytics.com,js-agent.newrelic.com",29,8790115,,52960137,0.683732351,32,13,18
com.playgendary.kickthebuddy.apk,a2g5h7v7.ssl.hwcdn.net,1,116947,,0,0,,0,0,"game-service.playgendary.com,pool.ntp.org,api.playgendary.com,rpc-tapjoy-com-lb-1378811527.us-east-1.elb.amazonaws.com,a2g5h7v7.ssl.hwcdn.net,init.supersonicads.com,s3.eu-central-1.amazonaws.com,outcome-ssp.supersonicads.com,www.ssacdn.com.edgekey.net,173.194.203.188",11,170546190,"nagano-19599.herokussl.com,connect.tapjoy.com,track.tenjin.io,events.appsflyer.com,placements.tapjoy.com,ws.tapjoyads.com,rules.quantcount.com,ads.tapdaq.com.cdn.cloudflare.net,supersonicads-a.akamaihd.net,graph.accountkit.com,rt.applovin.com,z.moatads.com,stage-pdn.applovin.com,d2ubx2mpeq0x2u.cloudfront.net,rv-gateway.supersonicads.com,play-games.googleusercontent.com,is-gateway.supersonicads.com,t.appsflyer.com,d3r454g9v5s33k.cloudfront.net,static.ssacdn.com",20,11615360,"connect.tapjoy.com,events.appsflyer.com,ws.tapjoyads.com,supersonicads-a.akamaihd.net,graph.accountkit.com,rt.applovin.com,z.moatads.com,play-games.googleusercontent.com,t.appsflyer.com",9,5434166,,187712663,0.061878404,20,9,11
com.playgendary.tom.apk,,0,0,,0,0,,0,0,"34.232.92.167,52.219.72.4,init.supersonicads.com,52.84.50.235,outcome-ssp.supersonicads.com,events.iap.unity3d.com,173.194.203.188",7,45178,"googleads.g.doubleclick.net,thind-prd-knob.data.ie.unity3d.com,placements.tapjoy.com,ws.tapjoyads.com,ads.tapdaq.com.cdn.cloudflare.net,graph.accountkit.com,track.tenjin.io,content.tapjoy.com,rt.applovin.com,stage-pdn.applovin.com,clarium.global.ssl.fastly.net,t.appsflyer.com,lh3.ggpht.com,pagead-googlehosted.l.google.com,csi.gstatic.com",17,8810427,"googleads.g.doubleclick.net,ws.tapjoyads.com,graph.accountkit.com,rt.applovin.com,clarium.global.ssl.fastly.net,t.appsflyer.com,lh3.ggpht.com,pagead-googlehosted.l.google.com,csi.gstatic.com",10,4254903,,13110508,0.672012633,15,9,7
com.snow.drift.apk,,0,0,,0,0,,0,0,"www.ssacdn.com.edgekey.net,outcome-ssp.supersonicads.com,track.saygames.io,35.208.202.71,saygames.sfo2.cdn.digitaloceanspaces.com,173.194.203.188,publisher-config-gcp.unityads.unity3d.com,tracking.prd.mz.internal.unity3d.com",16,2954138,"api-gdpr.voodoo-tech.io,cmp.vidcoin.com,account.fcacanada.ca,supersonicads-a.akamaihd.net,choices.truste.com,ecommerce.iap.unity3d.com,z.moatads.com,graph.accountkit.com,thind-prd-knob.data.ie.unity3d.com,api.gameanalytics.com,track.tenjin.io,ads.mopub.com,track.atom-data.io,pagead.l.doubleclick.net,rt.applovin.com,e.crashlytics.com,webview.unityads.unity3d.com,auction.unityads.unity3d.com,cdn-highwinds.unityads.unity3d.com,impact.applifier.com,httpkafka.unityads.unity3d.com,d1no19iy69jvfx.cloudfront.net,www.bitmoji.com,rv-gateway.supersonicads.com,click-haproxy.supersonicads.com",44,25709495,"supersonicads-a.akamaihd.net,z.moatads.com,graph.accountkit.com,api.gameanalytics.com,ads.mopub.com,track.atom-data.io,pagead.l.doubleclick.net,rt.applovin.com,e.crashlytics.com",24,4117153,,32780786,0.784285496,25,9,8
com.circleball.hoppingball.apk,,0,0,,0,0,,0,0,"13.251.62.80,203.119.244.125,ext-alb-dap-ipl-prod-1958298637.us-west-2.elb.amazonaws.com,173.194.203.188,216.58.220.195,www.ssacdn.com.edgekey.net",8,34218,"thind-prd-knob.data.ie.unity3d.com,t.appsflyer.com,config.uca.cloud.unity3d.com,api.appsflyer.com,supersonicads-a.akamaihd.net,d2ubx2mpeq0x2u.cloudfront.net,pagead.l.doubleclick.net,photos-ugc.l.googleusercontent.com,ext-alb-dap-orts-prod-750990373.us-west-2.elb.amazonaws.com,rv-gateway.supersonicads.com,dcjcrk1ugfqm2.cloudfront.net,cdn.ampproject.org",12,233136,"t.appsflyer.com,supersonicads-a.akamaihd.net,pagead.l.doubleclick.net,photos-ugc.l.googleusercontent.com,cdn.ampproject.org",5,33427,,300781,0.775102151,12,5,6
com.kiloo.subwaysurf.apk,hoodrunner.kiloo.com,1,1945,,0,0,,0,0,"13.95.170.235,173.194.203.188,hoodrunner.kiloo.com,52.174.46.206,108.161.188.128,224.0.0.22",6,14934,beap-bc.yahoo.com,1,590,beap-bc.yahoo.com,1,590,,18059,0.032670691,1,1,7
com.playrix.homescapes.apk,,0,0,,0,0,,0,0,"msgserver.homescapes.playrix.com,gardenscapes-cdn.playrix.com.edgekey.net,init.supersonicads.com,playrix.helpshift.com,outcome-ssp.supersonicads.com,static.hyprmx.com,cds.s2m5b2y6.hwcdn.net,publisher-config-gcp.unityads.unity3d.com,township-ios.playrix.com,www.ssacdn.com.edgekey.net,cx.ssacdn.com,4699.api.swrve.com,4699.content.swrve.com,firecraft-studios.helpshift.com,173.194.203.188",19,22352493,"webview.unityads.unity3d.com,live.chartboost.com,live.hyprmx.com,supersonicads-a.akamaihd.net,d3qnr1m59zehbb.cloudfront.net,graph.accountkit.com,z.moatads.com,auction.unityads.unity3d.com,native.sharethrough.com,rv-gateway.supersonicads.com,d3r454g9v5s33k.cloudfront.net,cdn-highwinds.unityads.unity3d.com",12,3252233,"supersonicads-a.akamaihd.net,graph.accountkit.com,z.moatads.com",3,565408,,26170134,0.124272692,12,3,15
